-- MySQL dump 10.13  Distrib 5.5.31, for debian-linux-gnu (x86_64)
--
-- Host: localhost    Database: tape
-- ------------------------------------------------------
-- Server version	5.5.31-0+wheezy1

/*!40101 SET @OLD_CHARACTER_SET_CLIENT=@@CHARACTER_SET_CLIENT */;
/*!40101 SET @OLD_CHARACTER_SET_RESULTS=@@CHARACTER_SET_RESULTS */;
/*!40101 SET @OLD_COLLATION_CONNECTION=@@COLLATION_CONNECTION */;
/*!40101 SET NAMES utf8 */;
/*!40103 SET @OLD_TIME_ZONE=@@TIME_ZONE */;
/*!40103 SET TIME_ZONE='+00:00' */;
/*!40014 SET @OLD_UNIQUE_CHECKS=@@UNIQUE_CHECKS, UNIQUE_CHECKS=0 */;
/*!40014 SET @OLD_FOREIGN_KEY_CHECKS=@@FOREIGN_KEY_CHECKS, FOREIGN_KEY_CHECKS=0 */;
/*!40101 SET @OLD_SQL_MODE=@@SQL_MODE, SQL_MODE='NO_AUTO_VALUE_ON_ZERO' */;
/*!40111 SET @OLD_SQL_NOTES=@@SQL_NOTES, SQL_NOTES=0 */;

--
-- Table structure for table `Bienes`
--

DROP TABLE IF EXISTS `Bienes`;
/*!40101 SET @saved_cs_client     = @@character_set_client */;
/*!40101 SET character_set_client = utf8 */;
CREATE TABLE `Bienes` (
  `InsumoId` int(11) NOT NULL AUTO_INCREMENT,
  `Descripcion` varchar(200) COLLATE utf8_spanish_ci NOT NULL,
  `Caracteristicas` varchar(200) COLLATE utf8_spanish_ci DEFAULT NULL,
  `NroInv` varchar(45) COLLATE utf8_spanish_ci DEFAULT NULL,
  `FechaIngreso` date DEFAULT NULL,
  `FechaEgreso` date DEFAULT NULL,
  `CategoriaId` int(11) DEFAULT NULL,
  PRIMARY KEY (`InsumoId`)
) ENGINE=InnoDB AUTO_INCREMENT=6 DEFAULT CHARSET=utf8 COLLATE=utf8_spanish_ci;
/*!40101 SET character_set_client = @saved_cs_client */;

--
-- Dumping data for table `Bienes`
--

LOCK TABLES `Bienes` WRITE;
/*!40000 ALTER TABLE `Bienes` DISABLE KEYS */;
INSERT INTO `Bienes` VALUES (1,'Monitor SOYO 17\' S/N: T0545v0313','No funciona',NULL,'0000-00-00','2013-03-20',2),(2,'CPU \nIntel(R) Pentium(R) 4 CPU 2.66GHz\nMotherboard PC-Chips M925 \nDisco Seagate  \nGrabadora de CD HP \nLectora de CD','Fuera de Uso - Funciona','0239412','0000-00-00','2013-03-20',2),(3,'Monitor Samsung SyncMaster 793V 15\'\' S/N LB17HXBA102439X','Fuera de Uso - Funciona','0280100',NULL,'2013-03-20',2),(4,'UPS TVR PRO 500 S/N: 036339','Obsoleta, Sin funcionamiento. Reparación costo excesivo','0276492',NULL,'2013-03-20',2),(5,'UPS TVR PRO 500 NET S/N 020233','Obsoleta, Sin funcionamiento. Reparación costo excesivo',NULL,NULL,'2013-03-20',2);
/*!40000 ALTER TABLE `Bienes` ENABLE KEYS */;
UNLOCK TABLES;

--
-- Table structure for table `CategoriaBienes`
--

DROP TABLE IF EXISTS `CategoriaBienes`;
/*!40101 SET @saved_cs_client     = @@character_set_client */;
/*!40101 SET character_set_client = utf8 */;
CREATE TABLE `CategoriaBienes` (
  `CategoriaId` int(11) NOT NULL AUTO_INCREMENT,
  `Nombre` varchar(45) COLLATE utf8_spanish_ci DEFAULT NULL,
  PRIMARY KEY (`CategoriaId`)
) ENGINE=InnoDB AUTO_INCREMENT=3 DEFAULT CHARSET=utf8 COLLATE=utf8_spanish_ci;
/*!40101 SET character_set_client = @saved_cs_client */;

--
-- Dumping data for table `CategoriaBienes`
--

LOCK TABLES `CategoriaBienes` WRITE;
/*!40000 ALTER TABLE `CategoriaBienes` DISABLE KEYS */;
INSERT INTO `CategoriaBienes` VALUES (1,'Administrativo'),(2,'Informatica');
/*!40000 ALTER TABLE `CategoriaBienes` ENABLE KEYS */;
UNLOCK TABLES;

--
-- Table structure for table `Choferes`
--

DROP TABLE IF EXISTS `Choferes`;
/*!40101 SET @saved_cs_client     = @@character_set_client */;
/*!40101 SET character_set_client = utf8 */;
CREATE TABLE `Choferes` (
  `ChoferId` int(11) NOT NULL AUTO_INCREMENT,
  `FirstName` varchar(100) COLLATE utf8_spanish_ci NOT NULL,
  `LastName` varchar(100) COLLATE utf8_spanish_ci NOT NULL,
  `Legajo` varchar(45) COLLATE utf8_spanish_ci NOT NULL,
  `Celular` varchar(100) COLLATE utf8_spanish_ci DEFAULT NULL,
  `HorarioLab` varchar(45) COLLATE utf8_spanish_ci DEFAULT NULL,
  `ValorHoraInhabil` float DEFAULT NULL,
  `ValorHoraHabil` float DEFAULT NULL,
  `ValorHoraExtra` float DEFAULT NULL,
  `Active` bit(1) NOT NULL DEFAULT b'1',
  `LicenciaEnf` varchar(200) COLLATE utf8_spanish_ci DEFAULT NULL,
  `Licencia2` varchar(200) COLLATE utf8_spanish_ci DEFAULT NULL,
  `Licencia3` varchar(200) COLLATE utf8_spanish_ci DEFAULT NULL,
  `Categoria` int(11) DEFAULT NULL,
  PRIMARY KEY (`ChoferId`)
) ENGINE=InnoDB AUTO_INCREMENT=47 DEFAULT CHARSET=utf8 COLLATE=utf8_spanish_ci;
/*!40101 SET character_set_client = @saved_cs_client */;

--
-- Dumping data for table `Choferes`
--

LOCK TABLES `Choferes` WRITE;
/*!40000 ALTER TABLE `Choferes` DISABLE KEYS */;
INSERT INTO `Choferes` VALUES (32,'Claudio','Meriles','5424','(387)-15-5049558','6:30-14:30',160.85,120.63,11259.5,'',NULL,NULL,NULL,NULL),(39,'Francisco','Aguero','1318','(387)-15-5049556','6:30-14:30',220.86,165.64,15460.5,'',NULL,NULL,NULL,NULL),(40,'Federico','Lauriano','5392','(387)-15-5049561','6:30-14:30',153.79,115.34,0,'\0',NULL,NULL,NULL,NULL),(42,'Crescencio','Viveros','785','(387)-15-5049572','6:30-14:30',184.42,138.17,12896.4,'',NULL,NULL,NULL,NULL),(43,'Hugo','Herrera','57000','(387)-15-5049568','6:30-14:30',193.19,137.39,12823.5,'',NULL,NULL,NULL,NULL),(44,'Ramón','Bayón','347','(387)-15-5049568','6:30-14:30',186.58,139.93,13061,'',NULL,NULL,NULL,NULL),(45,'Martin Gustavo','Viveros Matorra','7072','',NULL,133.73,100.3,0,'',NULL,NULL,NULL,NULL),(46,'Ricardo Benito','Guzman','281','(387)-15-5290884',NULL,0,194.81,146.11,'',NULL,NULL,NULL,NULL);
/*!40000 ALTER TABLE `Choferes` ENABLE KEYS */;
UNLOCK TABLES;

--
-- Table structure for table `Dependencias`
--

DROP TABLE IF EXISTS `Dependencias`;
/*!40101 SET @saved_cs_client     = @@character_set_client */;
/*!40101 SET character_set_client = utf8 */;
CREATE TABLE `Dependencias` (
  `DependenciaId` int(11) NOT NULL AUTO_INCREMENT,
  `Nombre` varchar(250) COLLATE utf8_spanish_ci DEFAULT NULL,
  `PadreId` int(11) DEFAULT NULL,
  PRIMARY KEY (`DependenciaId`)
) ENGINE=InnoDB AUTO_INCREMENT=17 DEFAULT CHARSET=utf8 COLLATE=utf8_spanish_ci;
/*!40101 SET character_set_client = @saved_cs_client */;

--
-- Dumping data for table `Dependencias`
--

LOCK TABLES `Dependencias` WRITE;
/*!40000 ALTER TABLE `Dependencias` DISABLE KEYS */;
INSERT INTO `Dependencias` VALUES (1,'Fac. Cs. Naturales',NULL),(2,'Fac. Cs. Salud',NULL),(3,'Fac. Cs. Exactas',NULL),(4,'Fac. de Humanidades',NULL),(5,'Fac. de Ingenieria',NULL),(6,'Fac. Cs. Economicas',NULL),(7,'Consejo de Investigacion',NULL),(8,'Obras y Servicios',NULL),(9,'Rectorado',NULL),(10,'Sede Regional Tartagal',NULL),(11,'I.E.M. - Salta',NULL),(12,'Sede Regional Oran',NULL),(13,'Sede Regional Sur - Metan',NULL),(14,'I.E.M - Tartagal',NULL),(15,'Sede Regional Sur - R.Frontera',NULL),(16,'Sec. Coop. Tecnica y Rel. Internacionales',NULL);
/*!40000 ALTER TABLE `Dependencias` ENABLE KEYS */;
UNLOCK TABLES;

--
-- Table structure for table `Descansos`
--

DROP TABLE IF EXISTS `Descansos`;
/*!40101 SET @saved_cs_client     = @@character_set_client */;
/*!40101 SET character_set_client = utf8 */;
CREATE TABLE `Descansos` (
  `DescansoId` int(11) NOT NULL AUTO_INCREMENT,
  `Entrada` time DEFAULT NULL,
  `Salida` time DEFAULT NULL,
  `HoraExId` int(11) NOT NULL,
  PRIMARY KEY (`DescansoId`)
) ENGINE=InnoDB AUTO_INCREMENT=170 DEFAULT CHARSET=utf8 COLLATE=utf8_spanish_ci;
/*!40101 SET character_set_client = @saved_cs_client */;

--
-- Dumping data for table `Descansos`
--

LOCK TABLES `Descansos` WRITE;
/*!40000 ALTER TABLE `Descansos` DISABLE KEYS */;
INSERT INTO `Descansos` VALUES (148,'21:00:00','22:00:00',79),(149,'13:30:00','14:30:00',79),(150,'13:30:00','14:30:00',77),(152,'13:30:00','14:30:00',80),(153,'13:30:00','14:30:00',81),(154,'13:30:00','14:30:00',82),(155,'17:00:00','18:00:00',83),(156,'13:30:00','14:30:00',83),(157,'13:00:00','14:00:00',84),(163,'16:30:00','17:30:00',89),(164,'10:40:00','14:30:00',89),(167,'13:30:00','14:30:00',85),(168,'13:30:00','14:30:00',86),(169,'21:00:00','22:00:00',87);
/*!40000 ALTER TABLE `Descansos` ENABLE KEYS */;
UNLOCK TABLES;

--
-- Table structure for table `HorasExtra`
--

DROP TABLE IF EXISTS `HorasExtra`;
/*!40101 SET @saved_cs_client     = @@character_set_client */;
/*!40101 SET character_set_client = utf8 */;
CREATE TABLE `HorasExtra` (
  `HoraExId` int(11) NOT NULL AUTO_INCREMENT,
  `ChoferId` int(11) NOT NULL,
  `Fecha` date NOT NULL,
  `Entrada` time NOT NULL,
  `Salida` time NOT NULL,
  `Concepto` varchar(150) COLLATE utf8_spanish_ci DEFAULT NULL,
  `Calculado` bit(1) DEFAULT b'0',
  `Zona` int(11) NOT NULL DEFAULT '1',
  `TotalHoras` time DEFAULT NULL,
  `DependenciaId` int(11) NOT NULL,
  `Create` datetime NOT NULL,
  `Modified` datetime NOT NULL,
  `VehiculoId` tinyint(4) NOT NULL,
  `TMEntrada` time DEFAULT NULL,
  `TMSalida` time DEFAULT NULL,
  `TTEntrada` time DEFAULT NULL,
  `TTSalida` time DEFAULT NULL,
  `Responsable` varchar(150) COLLATE utf8_spanish_ci DEFAULT NULL,
  `Hora50` time DEFAULT NULL,
  `Hora100` time DEFAULT NULL,
  PRIMARY KEY (`HoraExId`)
) ENGINE=InnoDB AUTO_INCREMENT=90 DEFAULT CHARSET=utf8 COLLATE=utf8_spanish_ci;
/*!40101 SET character_set_client = @saved_cs_client */;

--
-- Dumping data for table `HorasExtra`
--

LOCK TABLES `HorasExtra` WRITE;
/*!40000 ALTER TABLE `HorasExtra` DISABLE KEYS */;
INSERT INTO `HorasExtra` VALUES (77,46,'2013-04-29','06:30:00','18:45:00','SALTA/QUEBRADA DE TILIAM ','',1,'06:23:00',1,'2013-05-17 00:00:00','2013-05-20 00:00:00',2,'06:30:00','13:30:00',NULL,NULL,'ING. VARGAS','04:15:00',NULL),(79,45,'2013-05-04','08:00:00','23:45:00','SALTA/CAFAYATE/ANIMA','',2,'03:30:00',1,'2013-05-20 00:00:00','2013-05-20 00:00:00',2,NULL,NULL,NULL,NULL,'Geol.Jose Sastre',NULL,'13:45:00'),(80,46,'2013-04-19','06:30:00','19:00:00','SALTA/ALEMANIA ','',1,'06:45:00',1,'2013-05-20 00:00:00','2013-05-20 00:00:00',2,'06:30:00','13:30:00',NULL,NULL,'Prof.Esteban Brandan','04:30:00',NULL),(81,46,'2013-04-16','14:00:00','19:00:00','PLANTA DEPURADORA ','',1,'06:00:00',1,'2013-05-20 00:00:00','2013-05-20 00:00:00',2,'06:30:00','13:30:00',NULL,NULL,'Prof. Monica Pasculli','04:00:00',NULL),(82,46,'2013-04-08','14:00:00','19:00:00','FINCA BUENA VISTA ','',1,'06:00:00',1,'2013-05-20 00:00:00','2013-05-20 00:00:00',2,'06:30:00','13:30:00',NULL,NULL,'Ing.Tolaba ','04:00:00',NULL),(83,45,'2013-05-10','10:00:00','22:00:00','SALTA/TARTAGAL ','',1,'09:45:00',9,'2013-05-20 00:00:00','2013-05-20 00:00:00',6,'06:30:00','13:30:00',NULL,NULL,'Rector ','06:30:00',NULL),(84,45,'2013-05-11','11:00:00','18:00:00','SALTA/TARTAGAL','',2,'12:00:00',9,'2013-05-20 00:00:00','2013-05-20 00:00:00',6,NULL,NULL,NULL,NULL,'Rector ',NULL,'06:00:00'),(85,45,'2013-04-23','18:30:00','20:30:00','AL SERVICIO DE AUTOMOTORES(AEROPUERTO-AUTORIDADES)','',1,'01:50:00',8,'2013-05-20 00:00:00','2013-05-21 00:00:00',6,'06:30:00','13:30:00',NULL,NULL,'Hector Cristofari ','01:00:00',NULL),(86,45,'2013-05-02','16:45:00','19:30:00','AL SERVICIO DE AUTOMOTORES(CORRESPONDENCIA) ','',1,'02:17:00',8,'2013-05-20 00:00:00','2013-05-21 00:00:00',11,'06:30:00','13:30:00',NULL,NULL,'Hector Cristofari ','01:45:00',NULL),(87,45,'2013-05-05','18:45:00','23:45:00','AL SERVICIO DE AUTOMOTORES(TRASLADO DE AUTORIDADES)','',2,'08:00:00',8,'2013-05-20 00:00:00','2013-05-21 00:00:00',6,NULL,NULL,NULL,NULL,'Hector Cristofari ',NULL,'04:00:00'),(88,45,'2013-05-13','15:30:00','16:30:00','AL SERVICIO DE AUTOMOTORES(TRASLADO DE AUTORIDADES)','',1,'01:50:00',8,'2013-05-20 00:00:00','2013-05-21 00:00:00',6,'06:30:00','13:30:00',NULL,NULL,'Hector Cristofari','01:00:00',NULL),(89,45,'2013-04-24','09:00:00','20:30:00','SALTA/TERMAS DE REYES-JUJUY','',1,'03:15:00',16,'2013-05-20 00:00:00','2013-05-20 00:00:00',15,'06:30:00','13:30:00',NULL,NULL,'Prof.Jose Viramonte ','02:10:00',NULL);
/*!40000 ALTER TABLE `HorasExtra` ENABLE KEYS */;
UNLOCK TABLES;

--
-- Table structure for table `Profiles`
--

DROP TABLE IF EXISTS `Profiles`;
/*!40101 SET @saved_cs_client     = @@character_set_client */;
/*!40101 SET character_set_client = utf8 */;
CREATE TABLE `Profiles` (
  `ProfileId` int(10) unsigned NOT NULL AUTO_INCREMENT,
  `Name` varchar(200) COLLATE utf8_spanish_ci NOT NULL,
  `Active` bit(1) DEFAULT NULL,
  PRIMARY KEY (`ProfileId`)
) ENGINE=InnoDB AUTO_INCREMENT=6 DEFAULT CHARSET=utf8 COLLATE=utf8_spanish_ci;
/*!40101 SET character_set_client = @saved_cs_client */;

--
-- Dumping data for table `Profiles`
--

LOCK TABLES `Profiles` WRITE;
/*!40000 ALTER TABLE `Profiles` DISABLE KEYS */;
INSERT INTO `Profiles` VALUES (1,'Admin',''),(2,'Invitado',''),(3,'Automotores',''),(4,'Chofer',''),(5,'AdminChofer','');
/*!40000 ALTER TABLE `Profiles` ENABLE KEYS */;
UNLOCK TABLES;

--
-- Table structure for table `Reservas`
--

DROP TABLE IF EXISTS `Reservas`;
/*!40101 SET @saved_cs_client     = @@character_set_client */;
/*!40101 SET character_set_client = utf8 */;
CREATE TABLE `Reservas` (
  `ReservaId` int(11) unsigned NOT NULL AUTO_INCREMENT,
  `Destino` varchar(200) COLLATE utf8_spanish_ci NOT NULL,
  `Solicitante` varchar(200) COLLATE utf8_spanish_ci NOT NULL,
  `EmailSolicitante` varchar(200) COLLATE utf8_spanish_ci DEFAULT NULL,
  `AutorizadoPor` varchar(115) COLLATE utf8_spanish_ci DEFAULT NULL,
  `VehiculoId` tinyint(4) NOT NULL,
  `FechaInicio` datetime NOT NULL,
  `HoraSalida` datetime DEFAULT NULL,
  `FechaFin` datetime NOT NULL,
  `HoraLlegada` datetime DEFAULT NULL,
  `Observacion` varchar(400) COLLATE utf8_spanish_ci DEFAULT NULL,
  `FileName` varchar(200) COLLATE utf8_spanish_ci DEFAULT NULL,
  `NumPasajeros` int(11) DEFAULT NULL,
  `EstadoId` tinyint(4) NOT NULL,
  `Distancia` int(4) DEFAULT '1',
  `PrecioCombustible` float DEFAULT NULL,
  `FechaCreacion` datetime NOT NULL,
  `Mantenimiento` bit(1) DEFAULT b'0',
  `GastoTotal` float DEFAULT NULL,
  `UserId` varchar(100) COLLATE utf8_spanish_ci DEFAULT NULL,
  `Papelera` bit(1) NOT NULL DEFAULT b'0',
  PRIMARY KEY (`ReservaId`)
) ENGINE=InnoDB AUTO_INCREMENT=227 DEFAULT CHARSET=utf8 COLLATE=utf8_spanish_ci;
/*!40101 SET character_set_client = @saved_cs_client */;

--
-- Dumping data for table `Reservas`
--

LOCK TABLES `Reservas` WRITE;
/*!40000 ALTER TABLE `Reservas` DISABLE KEYS */;
INSERT INTO `Reservas` VALUES (1,'EL SAUCE (EL BORDO)','PROF.CASTAÑEDA (IEM)','','DIRECTORA DEL IEM',1,'2013-04-11 00:00:00','0000-00-00 07:00:00','2013-04-13 00:00:00','0000-00-00 20:00:00','FALTA AUTORIZACION RECTORAL ','',48,2,52,0,'2013-03-06 00:00:00','',NULL,'flaureano','\0'),(2,'LA RIOJA CAPITAL','FAC DE ING.(C DE ESTUDIANTE)','','DECANO DE INGENIERIA',1,'2013-08-13 00:00:00','0000-00-00 07:00:00','2013-08-20 00:00:00','0000-00-00 20:00:00','FALTA AUTORIZACION DEL RECTORADO','',35,3,1400,0,'2013-03-06 00:00:00','',NULL,'flaureano','\0'),(3,'Jujuy','fac','','',10,'2013-03-06 00:00:00','0000-00-00 00:00:00','2013-03-21 00:00:00','0000-00-00 00:00:00','','',2,1,121,0,'2013-03-06 00:00:00','\0',0,'admin',''),(4,'LA RIOJA CAPITAL','FAC.DE INGENIERIA(C.DE ESTUDIANTES)','','POR DECANO DE INGENIERIA',15,'2013-08-13 00:00:00','0000-00-00 07:00:00','2013-08-19 00:00:00','0000-00-00 20:00:00','FALTA AUTORIZACION DE RECTORADO','',35,1,1400,0,'2013-03-06 00:00:00','\0',0,'flaureano','\0'),(5,'SANTA FE CAPITAL(CONGRESO DE INGENIERIA)','FAC.DE INGENIERIA','aneicunsa@hotmail.com','SECRETARIA GRAL.DE LA UNSA',3,'2013-09-03 00:00:00','0000-00-00 07:00:00','2013-09-09 00:00:00','0000-00-00 20:00:00','FALTA LISTA DE PASAJEROS PARA EL SEGURO','',23,3,1050,0,'2013-03-06 00:00:00','',NULL,'flaureano','\0'),(6,'SANTA FE CAPITAL(CONGRESO DE INGENIERIA)','FAC.DE INGENIERIA ','','SECRETERIA GRAL DE LA UNSA',15,'2013-09-03 00:00:00','0000-00-00 07:00:00','2013-09-07 00:00:00','0000-00-00 20:00:00','FALTA LA LISTA DE PASAJEROS','',35,1,1050,0,'2013-03-06 00:00:00','\0',0,'flaureano','\0'),(7,'CAMPO BUENA VISTA(SALTA)','FAC DE NATURALES (ING TOLABA Y DEVIANA)','','SECRETARIA DE LA FACULTAD DE NATURALES',15,'2013-04-08 00:00:00','0000-00-00 07:00:00','2013-04-12 00:00:00','0000-00-00 14:00:00','FALTA LISTA DE PASAJEROS','',35,1,5,0,'2013-03-06 00:00:00','',NULL,'flaureano','\0'),(8,'AGUAS CALIENTE (JUJUY)','FAC DE NATURALES (LIC.SERGIO MOZA)','','SECRETARIA DE LA FAC DE NATURALES',2,'2013-04-14 00:00:00','0000-00-00 07:00:00','2013-04-16 00:00:00','0000-00-00 20:00:00','FALTA LISTA DE PASAJEROS','',36,1,90,0,'2013-03-06 00:00:00','\0',0,'flaureano','\0'),(9,'ALEMANIA(SALTA)','FAC DE NATURALES(GEOL.BRANDAN)','','SECRETARIA DE FACULTAD DE NATURALES',2,'2013-04-19 00:00:00','0000-00-00 07:00:00','2013-04-19 00:00:00','0000-00-00 20:00:00','FALTA LISTA DE PASAJEROS','',36,2,105,0,'2013-03-06 00:00:00','',NULL,'flaureano','\0'),(10,'CAMPO BUENA VISTA (SALTA)','FAC DE NATURALES (ING.BAYON)','','SECRETARIA DE FAC DE NATURALES',2,'2013-04-22 00:00:00','0000-00-00 07:00:00','2013-04-22 00:00:00','0000-00-00 14:00:00','FALTA LISTA DE PASAJEROS','',36,1,5,0,'2013-03-06 00:00:00','\0',0,'flaureano','\0'),(11,'SAN ANTONIO DE LOS COBRES(SALTA)','FAC.DE NATURALES(DR.ARNOSIO)','','SECRETARIA DE LA FACULTAD DE NATURALES',2,'2013-04-24 00:00:00','0000-00-00 08:00:00','2013-04-26 00:00:00','0000-00-00 20:00:00','FALTA LISTA DE PASAJEROS','',36,3,170,0,'2013-03-06 00:00:00','',NULL,'flaureano','\0'),(12,'CAFAYATE','FAC DE NATURALES(LIC.FERREYRA)','','SECRETARIA DE LA FAC DE NATURALES',1,'2013-04-25 00:00:00','0000-00-00 06:30:00','2013-04-25 00:00:00','0000-00-00 20:00:00','FALTA LA LISTA DE PASAJEROS ','',48,2,300,0,'2013-03-06 00:00:00','',NULL,'flaureano','\0'),(13,'TILCARA/ HUMAHUCA','FAC DE NATURALES(ING. MUÑOZ)','','SECRETARIA DE LA FACULTAD DE NATURALES',1,'2013-06-13 00:00:00','0000-00-00 07:00:00','2013-06-13 00:00:00','0000-00-00 20:00:00','FALTA LISTA DE PASAJEROS','',48,1,355,0,'2013-03-06 00:00:00','',NULL,'flaureano','\0'),(14,'VALLES CALCHAQUIES ','FAC DE NATURALES (PROF.SASTRE)','','SECRETARIA DE LA FACULTAD DE NATURALES',2,'2013-05-04 00:00:00','0000-00-00 07:00:00','2013-05-04 00:00:00','0000-00-00 20:00:00','FALTA LISTA DE PASAJEROS','',36,1,195,0,'2013-03-07 00:00:00','\0',0,'flaureano','\0'),(15,'SAN ANTONIO DE LOS COBRES ','FAC DE NATURALES(DR.CASTILLO)','','SECRETARIA DE LA FACULTAD DE NATURALES',2,'2013-05-06 00:00:00','0000-00-00 08:00:00','2013-05-07 00:00:00','0000-00-00 20:00:00','FALTA LISTA DE PASAJEROS','',36,1,168,0,'2013-03-07 00:00:00','\0',0,'flaureano','\0'),(16,'LA QUIACA (JUJUY)','FAC. DE NATURALES (JUJUY)','','SECRETARIA DE LA FACULTAD DE NATURALES',2,'2013-05-09 00:00:00','0000-00-00 07:00:00','2013-05-11 00:00:00','0000-00-00 20:00:00','FALTA LISTA DE PASAJEROS','',36,1,374,0,'2013-03-07 00:00:00','',NULL,'flaureano','\0'),(17,'LA MAROMA (SALTA)','FAC. DE NATURALES(ING.LOZANO)','','SECRETARIA DE LA FAC.DE NATURALES',2,'2013-05-14 00:00:00','0000-00-00 07:00:00','2013-05-14 00:00:00','0000-00-00 20:00:00','FALTA LISTA DE PASAJEROS','',36,1,70,0,'2013-03-07 00:00:00','',NULL,'flaureano','\0'),(18,'QUEBRADA DEL TORO','FAC.DE NATURALES(PROF.RIVELLI)','','SECRETARIA DE LA FACULTAD DE NATURALES)',2,'2013-05-15 00:00:00','0000-00-00 07:00:00','2013-05-15 00:00:00','0000-00-00 20:00:00','FALTA LISTA DE PASAJEROS','',36,1,60,0,'2013-03-07 00:00:00','',NULL,'flaureano','\0'),(19,'QUEBRADA DEL TORO','FAC.DE NATURALES(PROF.RIVELLI)','','SECRETARIA DE LA FACULTAD DE NATURALES ',2,'2013-05-17 00:00:00','0000-00-00 07:00:00','2013-05-17 00:00:00','0000-00-00 20:00:00','FALTA LISTA DE PASAJEROS','',36,1,60,0,'2013-03-07 00:00:00','',NULL,'flaureano','\0'),(20,'SIERRAS DE MOJOTORO','FAC.DE NATURALES(LIC.SASTRE)','','SECRETARIA DE LA FACULTAD',2,'2013-05-18 00:00:00','0000-00-00 07:00:00','2013-05-18 00:00:00','0000-00-00 20:00:00','FALTA LISTA DE PASAJEROS','',36,1,30,0,'2013-03-07 00:00:00','\0',0,'flaureano','\0'),(21,'CAMPO BUENA VISTA','FAC.DE NATURALES (ING.BAYON)','','SECRETARIA DE LA FACULTAD DE NATURALES',2,'2013-05-20 00:00:00','0000-00-00 07:00:00','2013-05-20 00:00:00','0000-00-00 14:00:00','FALTA LISTA DE PASJEROS','',36,1,5,0,'2013-03-07 00:00:00','\0',0,'flaureano','\0'),(22,'CAMPO QUIJANO','FAC DE NATURALES (PROF.DEVIANA)','','SECRETARIA DE LA FACULTAD Y DECANATO',2,'2013-05-27 00:00:00','0000-00-00 07:00:00','2013-05-27 00:00:00','0000-00-00 20:00:00','FALTA LISTA DE PASAJEROS','',36,1,32,0,'2013-03-07 00:00:00','\0',0,'flaureano','\0'),(23,'CAMPO QUIJANO ','FAC DE NATURALES (PROF.DEVIANA)','','SECRETARIA DE LA FAC DE NATURALES Y DECANATO',2,'2013-05-30 00:00:00','0000-00-00 07:00:00','2013-05-30 00:00:00','0000-00-00 20:00:00','FALTA LISTA DE PASAJEROS','',36,1,32,0,'2013-03-07 00:00:00','\0',0,'flaureano','\0'),(24,'DIQUE CABRA CORRAL ','FAC DE NATURALES (GEOL.BRANDAN)','','SECRETARIA DE FAC. DE NATURALES Y DECANATO',2,'2013-05-31 00:00:00','0000-00-00 07:00:00','2013-05-31 00:00:00','0000-00-00 20:00:00','FALTA LISTA  DE PASAJEROS','',36,1,74,0,'2013-03-07 00:00:00','\0',0,'flaureano','\0'),(25,'CAMPO QUIJANO ','FAC DE NATURALES (PROF. DEVIANA)','','SECRETARIA DE LA FAC DE NATURALES Y DECANATO',2,'2013-05-28 00:00:00','0000-00-00 07:00:00','2013-05-28 00:00:00','0000-00-00 20:00:00','FALTA LISTA DE PASAJEROS ','',36,1,32,0,'2013-03-07 00:00:00','\0',0,'flaureano','\0'),(26,'CAMPO QUIJANO','FAC.DE NATURALES(PROF DEVIANA)','','SECRETARIA DE LA FACULTAD DE NATURALES Y DECANATO',2,'2013-05-29 00:00:00','0000-00-00 07:00:00','2013-05-29 00:00:00','0000-00-00 20:00:00','FALTA LISTA DE PASAJEROS','',36,2,32,0,'2013-03-07 00:00:00','\0',0,'flaureano','\0'),(27,'SIERRA DE MOJOTORO','FAC.DE NATURALES (LIC.SASTRE)','','DECANATO DE NATURALES Y SECRETARIA',2,'2013-06-01 00:00:00','0000-00-00 06:00:00','2013-06-01 00:00:00','0000-00-00 20:00:00','FALTA LISTA DE PASAJEROS','',36,1,54,0,'2013-03-07 00:00:00','\0',0,'flaureano','\0'),(28,'YUTO(JUJUY)','FAC.DE NATURALES(ING.GIL)','','POR EL DECANATO Y LA SECRETARIA DE LA FACULTAD',2,'2013-06-03 00:00:00','0000-00-00 07:00:00','2013-06-03 00:00:00','0000-00-00 20:00:00','FALTA LISTA DE PASAJEROS','',36,1,204,0,'2013-03-07 00:00:00','\0',0,'flaureano','\0'),(29,'ALEMANIA(LA VIÑA)','FAC.DE NATURALES (DRA SANCHEZ)','','DECANATO DE LA FACULTAD Y SECRETARIA',2,'2013-06-05 00:00:00','0000-00-00 07:00:00','2013-06-05 00:00:00','0000-00-00 20:00:00','FALTA LISTA DE PASAJEROS','',36,1,105,0,'2013-03-07 00:00:00','\0',0,'flaureano','\0'),(30,'PARQUE LOS CARDONES(SALTA)','FAC DE NATURALES (PROF.DEVIANA)','','DECANATO DE LA FACULTAD DE NATURALES Y SECRETARIA',2,'2013-06-07 00:00:00','0000-00-00 07:00:00','2013-06-07 00:00:00','0000-00-00 20:00:00','FALTA LISTA DE PASAJEROS','',36,1,100,0,'2013-03-07 00:00:00','\0',0,'flaureano','\0'),(31,'PARQUE LOS CARDONES (SALTA)','FAC DE NATURALES(PROF.DEVIANA)','','DECANATO DE FAC. DE NATURALES Y SECRETARIA',2,'2013-06-08 00:00:00','0000-00-00 07:00:00','2013-06-08 00:00:00','0000-00-00 20:00:00','FALTA LISTA DE PASAJEROS','',36,1,100,0,'2013-03-07 00:00:00','\0',0,'flaureano','\0'),(32,'DIQUE CABRA CORRAL ','FAC. DE NATURALES(GEOL.AGUILERA)','','DECANATO DE FAC DE NATURALES Y SECRETARIA ',2,'2013-06-11 00:00:00','0000-00-00 07:00:00','2013-06-11 00:00:00','0000-00-00 20:00:00','FALTA LISTA DE PASAJEROS','',36,1,74,0,'2013-03-07 00:00:00','\0',0,'flaureano','\0'),(33,'SAN PEDRO DE COLALAO(TUCUMAN)','FAC DE NATURALES (LIC.ROMERO)','','DECANATO DE FAC DE NATURALES Y SECRETARIA',2,'2013-06-14 00:00:00','0000-00-00 07:00:00','2013-06-14 00:00:00','0000-00-00 22:00:00','FALTA LISTA DE PASAJEROS','',36,1,261,0,'2013-03-07 00:00:00','\0',0,'flaureano','\0'),(34,'HICKMANN (SALTA)','FAC. DE NATURALES (PROF SASTRE)','','DECANATO DE NATURALES Y SECRETARIA',2,'2013-06-15 00:00:00','0000-00-00 07:00:00','2013-06-15 00:00:00','0000-00-00 22:00:00','FALTA LISTA DE PASAJEROS','',36,1,333,0,'2013-03-07 00:00:00','\0',0,'flaureano','\0'),(35,'LAS LAJITAS(SALTA)','FAC.DE NATURALES(ING.CHILO)','','DECANATO DE FAC.DE NATURALES Y SECRETARIA',2,'2013-06-19 00:00:00','0000-00-00 07:00:00','2013-06-19 00:00:00','0000-00-00 20:00:00','FALTA LISTA DE PASAJEROS','',36,1,200,0,'2013-03-07 00:00:00','\0',0,'flaureano','\0'),(36,'HICKMANN(SALTA)','FAC. DE NATURALES (PROF.SASTRE)','','DECANATO DE LA FAC.DE NATURALES Y SECRETARIA',2,'2013-06-22 00:00:00','0000-00-00 07:00:00','2013-06-22 00:00:00','0000-00-00 22:00:00','FALTA LISTA DE PASAJEROS','',36,1,333,0,'2013-03-07 00:00:00','\0',0,'flaureano','\0'),(37,'CAMPO BUENA VISTA','FAC. DE NATURALES (ING.BAYON)','','DECANATO DE FAC DE NATURALES Y SECRETARIA',2,'2013-06-24 00:00:00','0000-00-00 07:00:00','2013-06-24 00:00:00','0000-00-00 14:00:00','FALTA LISTADO DE PASAJEROS','',36,1,3,0,'2013-03-07 00:00:00','\0',0,'flaureano','\0'),(38,'DIQUE CAMPO ALEGRE (SALTA)','FAC.DE NATURALES (PROF.REBECA ACOSTA)','','DECANATO DE LA FAC. DE NATURALES Y SECRETARIA',2,'2013-06-25 00:00:00','0000-00-00 07:00:00','2013-06-25 00:00:00','0000-00-00 20:00:00','FALTA LISTA DE PASJEROS','',36,1,20,0,'2013-03-07 00:00:00','\0',0,'flaureano','\0'),(39,'CAMPO QUIJANO(SALTA)','FAC. DE NATURALES (DR GEOL. CASTILLO)','','DECANATO DE FAC DE NATURALES Y SECRETARIA',2,'2013-06-27 00:00:00','0000-00-00 07:00:00','2013-06-27 00:00:00','0000-00-00 20:00:00','FALTA LISTA DE PASAJEROS','',36,1,32,0,'2013-03-07 00:00:00','\0',0,'flaureano','\0'),(40,'EMBARCACION ','FAC DE HUMANIDADES(LIC.SORIA)','','DECANATO DE HUMANIDADES Y SECRETARIA',2,'2013-08-15 00:00:00','0000-00-00 07:00:00','2013-08-17 00:00:00','0000-00-00 20:00:00','FALTA LISTA DE PASAJEROS','',36,3,263,0,'2013-03-07 00:00:00','',NULL,'flaureano','\0'),(41,'CAFAYATE (SALTA)','FAC.DE HUMANIDADES(LIC SORIA)','','DECANATO DE FAC. DE HUMANIDADES',2,'2013-09-06 00:00:00','0000-00-00 07:00:00','2013-09-06 00:00:00','0000-00-00 22:00:00','FALTA LISTA DE PASAJEROS','',36,1,189,0,'2013-03-07 00:00:00','\0',0,'flaureano','\0'),(42,'LA PEDRERA(SALTA)','FAC DE NATURALES(ING.ARAMAYO)','','DECANATO DE LA FAC DE NATURALES Y SECRETARIA',2,'2013-09-28 00:00:00','0000-00-00 07:00:00','2013-09-29 00:00:00','0000-00-00 20:00:00','FALTA LISTA DE PASAJEROS','',36,1,15,0,'2013-03-07 00:00:00','\0',NULL,'flaureano','\0'),(43,'LA PEDRERA ','FAC.DE NATURALES (ING ARAMAYO)','','DECANATO DE FAC.DE NATURALES Y SECRETARIA',2,'2013-09-30 00:00:00','0000-00-00 07:00:00','2013-09-30 00:00:00','0000-00-00 20:00:00','FALTA LISTA DE PASAJEROS','',36,1,15,0,'2013-03-07 00:00:00','\0',0,'flaureano','\0'),(44,'VALLE DE LERMA','FAC,DE NATURALES (ING CHILO)','','DECANATO DE FAC.DE NATURALES Y SECRETARIA',1,'2013-04-03 00:00:00','0000-00-00 07:00:00','2013-04-03 00:00:00','0000-00-00 20:00:00','FALTA LISTA DE PASAJEROS','',48,3,40,0,'2013-03-07 00:00:00','',NULL,'flaureano','\0'),(45,'VALLE DE LERMA ','FAC DE NATURALES (ING CHILO)','','DECANATO DE FAC DE  NATURALES Y SECRETARIA',2,'2013-04-17 00:00:00','0000-00-00 07:00:00','2013-04-17 00:00:00','0000-00-00 20:00:00','FALTA LISTA DE PASAJEROS','',36,2,40,0,'2013-03-07 00:00:00','',NULL,'flaureano','\0'),(46,'LOCALIDAD DE ANTA ','FAC DE NATURALES(LIC.TERAN)','','DECANATO DE FAC DE NATURALES Y SECRETARIA',1,'2013-04-22 00:00:00','0000-00-00 07:00:00','2013-04-22 00:00:00','0000-00-00 22:00:00','FALTA LISTA DE PASAJEROS','',48,3,168,0,'2013-03-07 00:00:00','',NULL,'flaureano','\0'),(47,'JOAQUIN V GONZALEZ','FAC.DE NATURALES (ING TOLABA)','','DECANATO DE LA FAC DE NATURALES Y SECRETARIA',1,'2013-04-29 00:00:00','0000-00-00 07:00:00','2013-04-30 00:00:00','0000-00-00 20:00:00','FALTA LISTA DE PASAJEROS','',48,1,223,0,'2013-03-07 00:00:00','\0',0,'flaureano','\0'),(48,'VALLE DE LERMA','FAC DE NATURALES (ING LOZANO)','','DECANATO DE LA FAC.DE NATURALES Y SECRETARIA',1,'2013-05-07 00:00:00','0000-00-00 07:00:00','2013-05-07 00:00:00','0000-00-00 20:00:00','FALTA LISTA DE PASAJEROS','',48,1,40,0,'2013-03-07 00:00:00','\0',0,'flaureano','\0'),(49,'CAFAYATE','FAC DE NATURALES(LIC,SASTRE)','','DECANATO DE LA FAC.NATURALES Y SECRETARIA',1,'2013-05-11 00:00:00','0000-00-00 07:00:00','2013-05-11 00:00:00','0000-00-00 22:00:00','FALTA LISTA DE PASAJEROS','',48,1,189,0,'2013-03-07 00:00:00','\0',0,'flaureano','\0'),(50,'CAFAYATE','FAC DE NATURALES (PROF GALLARDO)','','DECANATO DE FAC DE NATURALES Y SECRETARIA',1,'2013-05-13 00:00:00','0000-00-00 07:00:00','2013-05-15 00:00:00','0000-00-00 20:00:00','FALTA LISTA DE PASJEROS','',48,1,189,0,'2013-03-07 00:00:00','\0',0,'flaureano','\0'),(51,'VALLE DE LERMA','FAC DE NATURALES (ING BAYON)','','DECANATO DE FAC DE NATURALES Y SECRETARIA',1,'2013-05-20 00:00:00','0000-00-00 07:00:00','2013-05-24 00:00:00','0000-00-00 20:00:00','FALTA LISTA DE PASAJEROS','',48,1,40,0,'2013-03-07 00:00:00','\0',0,'flaureano','\0'),(52,'QUEBRADA DE HUMAHUACA(JUJUY)','FAC DE NATURALES (PROF.RIVELLI)','','DECANATO DE FAC DE NATURALES Y SECRETARIA',1,'2013-05-27 00:00:00','0000-00-00 07:00:00','2013-05-27 00:00:00','0000-00-00 22:00:00','FALTA LISTA DE PASAJEROS','',48,1,228,0,'2013-03-07 00:00:00','\0',0,'flaureano','\0'),(53,'ORAN (SALTA)','FAC DE NATURALES(LIC ORTIN)','','DECANATO DE FAC DE NATURALES Y SECRETARIA',1,'2013-05-29 00:00:00','0000-00-00 07:00:00','2013-05-29 00:00:00','0000-00-00 22:00:00','FALTA LISTA DE PASJEROS','',48,1,269,0,'2013-03-07 00:00:00','',NULL,'flaureano','\0'),(54,'PURMAMARCA (JUJUY)','FAC DE NATURALES (ING MUÑOZ)','','DECANATO DE FAC DE NATURALES Y SECRETARIA',1,'2013-05-30 00:00:00','0000-00-00 07:00:00','2013-05-30 00:00:00','0000-00-00 22:00:00','FALTA LISTA DE PASAJEROS','',48,1,156,0,'2013-03-07 00:00:00','',NULL,'flaureano','\0'),(55,'ORAN (SALTA)','FAC DE NATURALES (LIC ORTIN)','','DECANATO DE FAC DE NATURALES Y SECRETARIA',1,'2013-05-31 00:00:00','0000-00-00 07:00:00','2013-05-31 00:00:00','0000-00-00 22:00:00','FALTA LISTA DE PASAJEROS','',48,1,269,0,'2013-03-07 00:00:00','\0',0,'flaureano','\0'),(56,'SIERRAS DE MOJOTORO ','FAC DE NATURALES (LIC.SASTRE)','','DECANATO DE FAC DE NATURALES Y SECRETARIA',1,'2013-06-01 00:00:00','0000-00-00 07:00:00','2013-06-01 00:00:00','0000-00-00 22:00:00','FALTA LISTA DE PASAJEROS','',48,1,30,0,'2013-03-07 00:00:00','\0',0,'flaureano','\0'),(57,'CAFAYATE','FAC DE NATURALES(LIC. PAREDES)','','DECANATO DE FAC DE NATURALES Y SECRETARIA',1,'2013-06-03 00:00:00','0000-00-00 07:00:00','2013-06-07 00:00:00','0000-00-00 22:22:00','FALTA LISTA DE PASAJEROS','',48,1,189,0,'2013-03-07 00:00:00','\0',0,'flaureano','\0'),(58,'GRAL GUEMES ','FAC.DE NATURALES (ING LOZANO)','','DECANATO DE FAC DE NATURALES Y SECRETARIA',1,'2013-06-11 00:00:00','0000-00-00 07:00:00','2013-06-11 00:00:00','0000-00-00 20:00:00','FALTA LISTA DE PASAJEROS','',48,1,52,0,'2013-03-07 00:00:00','\0',0,'flaureano','\0'),(59,'ORAN(SALTA)','FAC.DE NATURALES (LIC.TERAN)','','DECANATO DE LA FAC DE NATURALES Y SECRETARIA',1,'2013-06-12 00:00:00','0000-00-00 07:00:00','2013-06-12 00:00:00','0000-00-00 22:00:00','FALTA LISTA DE PASAJEROS','',48,1,269,0,'2013-03-07 00:00:00','\0',0,'flaureano','\0'),(60,'HUMAHUACA(JUJUY)','FAC DE NATURALES(LIC.RIVELLI)','','DECANATO DE FAC DE NATURALES Y SECRETARIA',1,'2013-06-15 00:00:00','0000-00-00 06:00:00','2013-06-15 00:00:00','0000-00-00 22:00:00','FALTA LISTA DE PASAJEROS','',48,1,218,0,'2013-03-07 00:00:00','\0',0,'flaureano','\0'),(61,'CAFAYATE','FAC DE NATURALES(LIC.RIVELLI)','','DECANATO DE DE LA FAC DE NATURALES Y SECRETARIA',1,'2013-06-18 00:00:00','0000-00-00 07:00:00','2013-06-18 00:00:00','0000-00-00 22:00:00','FALTA LISTA DE PASAJEROS','',48,1,189,0,'2013-03-07 00:00:00','\0',0,'flaureano','\0'),(62,'HICKMANN(SALTA)','FAC.DE NATURALES(LIC SASTRE)','','DECANATO DE LA FAC DE NAT.Y SECRETARIA',1,'2013-06-22 00:00:00','0000-00-00 07:00:00','2013-06-22 00:00:00','0000-00-00 22:00:00','FALTA LISTA DE PASAJEROS','',48,1,333,0,'2013-03-07 00:00:00','\0',0,'flaureano','\0'),(63,'DIQUE CAMPO ALEGRE','FAC DE NATURALES(REBECA ACOSTA)','','DECANATO DE FAC DE NAT. Y SECRETARIA',1,'2013-06-25 00:00:00','0000-00-00 07:00:00','2013-06-25 00:00:00','0000-00-00 22:00:00','FALTA LISTA DE PASAJEROS','',48,1,27,0,'2013-03-07 00:00:00','\0',0,'flaureano','\0'),(64,'LA PLATA (BUENOS AIRES)','FAC DE ECONOMICAS(CECE)','','?',1,'2013-09-05 00:00:00','0000-00-00 07:00:00','2013-09-10 00:00:00','0000-00-00 22:00:00','FALTA LISTA DE PASAJEROS','',48,1,1550,0,'2013-03-07 00:00:00','\0',0,'flaureano','\0'),(65,'MENDOZA CAP.','FAC DE HUMANIDADES(C.ESTUDIANTES)','','?',1,'2013-10-01 00:00:00','0000-00-00 07:00:00','2013-10-06 00:00:00','0000-00-00 23:00:00','FALTA LISTA DE PASAJEROS','',48,1,1400,0,'2013-03-07 00:00:00','',NULL,'flaureano','\0'),(66,'CAMPO BUENA VISTA','FAC.DE NATURALES(PROF.DEVIANA)','','DECANATO DE LA FAC.DE NATURALES Y SECRETARIA',3,'2013-04-08 00:00:00','0000-00-00 07:00:00','2013-04-11 00:00:00','0000-00-00 17:00:00','FALTA LISTA DE PASAJEROS','',24,1,3,0,'2013-03-08 00:00:00','\0',0,'flaureano','\0'),(67,'ANTA(SALTA)','FAC DE NATURALES(LIC.TERAN)','','DECANATO DE FAC DE NATURALES Y SECRETARIA',3,'2013-04-22 00:00:00','0000-00-00 06:00:00','2013-04-22 00:00:00','0000-00-00 22:00:00','FALTA LISTA DE PASAJEROS','',24,3,170,0,'2013-03-08 00:00:00','',NULL,'flaureano','\0'),(68,'SAN ANTONIO DE LOS COBRES ','FAC. DE NATURALES(PROF.ARNOSIO)','','DECANATO DE FAC.DE NATURALES Y SECRETARIA',3,'2013-04-24 00:00:00','0000-00-00 08:00:00','2013-04-26 00:00:00','0000-00-00 20:00:00','FALTA LISTA DE PASJEROS','',24,1,168,0,'2013-03-08 00:00:00','\0',0,'flaureano','\0'),(69,'CAMPO BUENA VISTA','FAC.DE NATURALES (ING BAYON)','','DECANATO DE FAC DE NATURALES Y SECRETARIA',3,'2013-05-06 00:00:00','0000-00-00 07:00:00','2013-05-06 00:00:00','0000-00-00 14:00:00','FALTA LISTA DE PASAJEROS','',24,1,3,0,'2013-03-08 00:00:00','\0',0,'flaureano','\0'),(70,'DIQUE CAMPO ALEGRE','FAC DE NATURALES(LIC.AGUILERA)','','DECANATO DE FAC DE NAT.Y SECRETARIA',3,'2013-05-07 00:00:00','0000-00-00 07:00:00','2013-05-07 00:00:00','0000-00-00 22:00:00','FALTA LISTA DE PASAJEROS','',24,1,25,0,'2013-03-08 00:00:00','\0',0,'flaureano','\0'),(71,'CAFAYATE','FAC DE NATURALES(LIC.SASTRE)','','DECANATO DE FAC DE NAT.Y SECRETARIA',3,'2013-05-11 00:00:00','0000-00-00 07:00:00','2013-05-11 00:00:00','0000-00-00 22:00:00','FALTA LISTA DE PASAJEROS','',24,1,189,0,'2013-03-08 00:00:00','\0',0,'flaureano','\0'),(72,'CAFAYATE','FAC DE NATURALES(PROF.GALLARDO)','','DECANATO DE FAC DE NATURALES Y SECRETARIA',3,'2013-05-13 00:00:00','0000-00-00 07:00:00','2013-05-15 00:00:00','0000-00-00 22:00:00','FALTA LISTA DE PASAJEROS','',24,1,189,0,'2013-03-08 00:00:00','\0',0,'flaureano','\0'),(73,'MISION LA PAZ','FAC.DE HUMANIDADES(LIC.VITOR MARQUEZ)','','DECANATO  DE FAC DE HUMANIDADES Y SECRETARIA',4,'2013-05-27 00:00:00','0000-00-00 07:00:00','2013-05-29 00:00:00','0000-00-00 20:00:00','FALTA LISTA DE PASAJEROS','',24,1,500,0,'2013-03-08 00:00:00','',NULL,'flaureano','\0'),(74,'SIERRAS DE MOJOTORO','FAC DE NAT.(LIC SASTRE)','','DECANATO DE FAC DE NAT Y SECRETARIA',3,'2013-06-01 00:00:00','0000-00-00 07:00:00','2013-06-01 00:00:00','0000-00-00 20:00:00','FALTA LISTA DE PASAJEROS','',24,1,28,0,'2013-03-08 00:00:00','\0',0,'flaureano','\0'),(75,'YUTO(JUJUY)','FAC DE NATURALES(PROF.MIRIAN GIL)','','DECANATO DE FAC DE NAT.Y SECRETARIA',3,'2013-06-03 00:00:00','0000-00-00 07:00:00','2013-06-03 00:00:00','0000-00-00 22:00:00','FALTA LISTA DE PASAJEROS','',24,1,204,0,'2013-03-08 00:00:00','\0',0,'flaureano','\0'),(76,'LOS CARDONES(SALTA)','FAC DE NATURALES(PROF MARTA DEVIANA)','','DECANATO DE LA FAC DE NATURALES Y SECRETARIA',3,'2013-06-07 00:00:00','0000-00-00 07:00:00','2013-06-08 00:00:00','0000-00-00 20:00:00','FALTA LISTA DE PASAJEROS','',24,1,110,0,'2013-03-08 00:00:00','\0',0,'flaureano','\0'),(77,'ORAN(SALTA)','FAC. DE NATURALES (LIC.TERAN)','','DECANATO DE FAC. DE NATURALES Y SECRETARIA',3,'2013-06-12 00:00:00','0000-00-00 07:00:00','2013-06-12 00:00:00','0000-00-00 22:00:00','FALTA LISTA DE PASAJEROS','',24,1,269,0,'2013-03-08 00:00:00','\0',0,'flaureano','\0'),(78,'SAN PEDRO DE COLALAO (TUCUMAN)','FAC DE NATURALES(LIC.ROMERO)','','DECANATO DE FAC DE NATURALES Y SECRETARIA',3,'2013-06-14 00:00:00','0000-00-00 07:00:00','2013-06-14 00:00:00','0000-00-00 22:00:00','FALTA LISTA DE PASAJEROS','',24,1,261,0,'2013-03-08 00:00:00','\0',0,'flaureano','\0'),(79,'HICKMANN(SALTA)','FAC.DE NATURALES(LIC SASTRE)','','DECANATO DE FAC DE NATURALES Y SECRETARIA ',3,'2013-06-22 00:00:00','0000-00-00 07:00:00','2013-06-22 00:00:00','0000-00-00 22:00:00','FALTA LISTA DE PASAJEROS','',24,1,333,0,'2013-03-08 00:00:00','\0',0,'flaureano','\0'),(80,'DIQUE CAMPO ALEGRE(SALTA)','FAC,DE NATURALES(PROF REBECA ACOSTA)','','DECANATO DE FAC DE NATURALES Y SECRETARIA',3,'2013-06-25 00:00:00','0000-00-00 07:00:00','2013-06-25 00:00:00','0000-00-00 22:00:00','FALTA LISTA DE PASAJEROS','',24,1,25,0,'2013-03-08 00:00:00','\0',0,'flaureano','\0'),(81,'IRUYA(SALTA)','FAC DE HUMANIDADES(PROF VITO MARQUEZ)','','DECANATO DE FAC DE HUMANIDADES Y SECRETARIA',3,'2013-10-04 00:00:00','0000-00-00 07:00:00','2013-10-06 00:00:00','0000-00-00 22:00:00','FALTA LISTA DE PASAJEROS','',24,1,288,0,'2013-03-08 00:00:00','\0',0,'flaureano','\0'),(82,'VALLE DE LERMA ','FAC DE NATURALES (ING ORTIN)','','DECANATO DE FAC DE NATURALES Y SECRETARIA ',5,'2013-05-13 00:00:00','0000-00-00 07:00:00','2013-05-13 00:00:00','0000-00-00 22:00:00','FALTA LISTA DE PASAJEROS','',15,1,40,0,'2013-03-08 00:00:00','\0',0,'flaureano','\0'),(83,'LA MAROMA(CARRIL/SALTA)','FAC DE NATURALES (ING LOZANO)','','DECANATO DE FAC DE NATURAALES Y SECRETARIA',5,'2013-05-14 00:00:00','0000-00-00 07:00:00','2013-05-14 00:00:00','0000-00-00 22:00:00','FALTA LISTA DE PASAJEROS ','',15,1,62,0,'2013-03-08 00:00:00','\0',0,'flaureano','\0'),(84,'CAFAYATE(SALTA)','FAC DE NATURALES(LIC PAREDES)','','DECANATO DE FAC DE NATURALES Y SECRETARIA',5,'2013-06-03 00:00:00','0000-00-00 07:00:00','2013-06-07 00:00:00','0000-00-00 20:00:00','FALTA LISTA DE PASAJEROS','',15,1,189,0,'2013-03-08 00:00:00','\0',0,'flaureano','\0'),(85,'SEDE SUR(METAN)','OBRAS Y SERVICIOS','','O Y S.(ING ROVALETTI)',9,'2013-02-19 00:00:00','0000-00-00 07:00:00','2013-02-21 00:00:00','0000-00-00 20:00:00','REALIZADO LA COMICION','',4,2,139,0,'2013-03-08 00:00:00','',NULL,'flaureano','\0'),(86,'METAN/ROSARIO DE LA FRONTERA','RECTORADO(DR BOSO)','','RECTORADO',5,'2013-02-07 00:00:00','0000-00-00 07:00:00','2013-02-08 00:00:00','0000-00-00 20:00:00','COMICION REALIZADA','',15,2,171,0,'2013-03-08 00:00:00','',NULL,'flaureano','\0'),(87,'SANTA VICTORIA ESTE','SERVICIO DE BIENESTAR UNIVERSITARIO(LIC NAVARRO)','','RECTORADO',7,'2013-02-03 00:00:00','0000-00-00 07:00:00','2013-02-07 00:00:00','0000-00-00 20:00:00','COMICION REALIZADA','',4,2,512,0,'2013-03-08 00:00:00','',NULL,'flaureano','\0'),(88,'TARTAGAL SALTA(SEDE NORTE)','RECTORADO(DR BOSO)','','RECTORADO',5,'2013-02-14 00:00:00','0000-00-00 09:00:00','2013-02-17 00:00:00','0000-00-00 22:00:00','COMICION REALIZADA','',15,2,352,0,'2013-03-08 00:00:00','',NULL,'flaureano','\0'),(89,'ZONA NORTE (ORAN/TARTAGAL)','FAC DE SALUD(LIC.VILLAGRAN)','','DECANATO Y SECRETARIA DE LA FAC DE SALUD',7,'2013-05-13 00:00:00','0000-00-00 07:00:00','2013-05-14 00:00:00','0000-00-00 19:00:00','FALTA AUTORIZACION RECTORAL','',4,1,300,0,'2013-03-11 00:00:00','\0',0,'flaureano','\0'),(90,'ZONA SUR(METAN/R. DE LA FRONTERA)','FAC.DE SALUD(LIC.BURGOS)','','DECANATO Y SECRETARIA DE FAC DE SALUD',7,'2013-05-16 00:00:00','0000-00-00 07:00:00','2013-05-17 00:00:00','0000-00-00 19:00:00','FALTA AUTORIZACION RECTORAL','',4,1,170,0,'2013-03-11 00:00:00','\0',0,'flaureano','\0'),(91,'ZONA OESTE VALLE DE LERMA/CACHI','FAC DE SALUD(LIC.VALDIVIEZO)','','DECANATO Y SECRETARIA DE LA FAC DE SALUD ',7,'2013-05-20 00:00:00','0000-00-00 07:00:00','2013-05-21 00:00:00','0000-00-00 19:00:00','FALTA AUTORIZACION RECTORAL','',4,1,160,0,'2013-03-11 00:00:00','\0',0,'flaureano','\0'),(92,'ZONA NORTE(ORAN/TARTAGAL)','FAC DE SALUD(LIC.VILLAGRAN)','','DECANATO Y SECRETARIA DE FAC.DE NATURALES',7,'2013-06-10 00:00:00','0000-00-00 07:00:00','2013-06-11 00:00:00','0000-00-00 19:00:00','FALTA AUTORIZACION RECTORAL','',4,1,350,0,'2013-03-11 00:00:00','\0',0,'flaureano','\0'),(93,'ZONA SUR(METAN/R.DE LA FRONTERA)','FAC.DE SALUD(LIC.BURGOS)','','DECANATO Y SECRETARIA DE LA FAC DE SALUD',7,'2013-06-13 00:00:00','0000-00-00 07:00:00','2013-06-14 00:00:00','0000-00-00 20:00:00','FALTA ATORIZACION RECTORAL','',4,1,177,0,'2013-03-11 00:00:00','\0',0,'flaureano','\0'),(94,'ZONA OESTE(VALLE DE LERMA/CACHI)','FAC.DE SALUD(LIC.VALDIVIEZO)','','DECANATO Y SECRETARIA DE LA FAC DE SALUD',7,'2013-06-17 00:00:00','0000-00-00 07:00:00','2013-06-18 00:00:00','0000-00-00 20:00:00','FALTA AUTORIZACION RECTORAL','',4,1,160,0,'2013-03-11 00:00:00','\0',0,'flaureano','\0'),(95,'ZONA NORTE(ORAN/TARTAGAL)','FAC.DE SALUD(LIC.VILLAGRAN)','','DECANATO Y SECRETARIA DE FAC DE SALUD',7,'2013-07-29 00:00:00','0000-00-00 07:00:00','2013-07-30 00:00:00','0000-00-00 19:00:00','FALTA AUTORIZACION RECTORAL','',4,1,350,0,'2013-03-11 00:00:00','\0',0,'flaureano','\0'),(96,'ZONA SUR(METAN/GALPON/R.DE LA FRONTERA)','FAC.DE SALUD(LIC.BURGOS)','','DECANATO Y SECRETARIA DE FAC DE SALUD',9,'2013-08-01 00:00:00','0000-00-00 07:00:00','2013-08-02 00:00:00','0000-00-00 20:00:00','FALTA AUTORIZACION RECTORAL','',4,1,300,0,'2013-03-11 00:00:00','\0',0,'flaureano','\0'),(97,'ZONA OESTE(VALLE DE LERMA/CACHI)','FAC.DE SALUD(LIC.VALDIVIEZO)','','DECANATOY SECRETARIA DE FAC DE NATURALES',9,'2013-08-05 00:00:00','0000-00-00 07:00:00','2013-08-06 00:00:00','0000-00-00 20:00:00','FALTA AUTORIZACION RECTORAL','',4,1,160,0,'2013-03-11 00:00:00','\0',0,'flaureano','\0'),(98,'ZONA NORTE(ORAN/TARTAGAL)','FAC.DE SALUD(LIC.VILLAGRAN)','','DECANATO Y SECRETARIA DE LA FAC.DE SALUD',9,'2013-08-26 00:00:00','0000-00-00 07:00:00','2013-08-27 00:00:00','0000-00-00 20:00:00','FALTA AUTORIZACION RECTORAL','',4,1,350,0,'2013-03-11 00:00:00','',NULL,'flaureano','\0'),(99,'ZONA SUR (METAN/GALPON/R.DE LA FRONTERA)','FAC.DE SALUD (LIC.BURGOS)','','DECANATO Y SECRETARIA DE FAC DE SALUD',9,'2013-08-29 00:00:00','0000-00-00 07:00:00','2013-08-30 00:00:00','0000-00-00 20:00:00','FALTA AUTORIZACION RECTORAL','',4,1,260,0,'2013-03-11 00:00:00','\0',0,'flaureano','\0'),(100,'ZONA OESTE(VALLE DE LERMA/CACHI)','FAC.DE SALUD(LIC.VALDIVIEZO)','','DECANATO Y SECRETARIA DE FAC.DE SALUD',7,'2013-09-02 00:00:00','0000-00-00 07:00:00','2013-09-03 00:00:00','0000-00-00 20:00:00','FALTA AUTORIZACION RECTORAL','',4,1,160,0,'2013-03-11 00:00:00','\0',0,'flaureano','\0'),(101,'ZONA NORTE(ORAN/TARTAGAL)','FAC.DE SALUD(LIC.VILLAGRAN)','','DECANATO Y SECRETARIA DE FAC DE SALUD',7,'2013-09-23 00:00:00','0000-00-00 07:00:00','2013-09-24 00:00:00','0000-00-00 20:00:00','FALTA AUTORIZACION RECTORAL','',4,1,380,0,'2013-03-11 00:00:00','\0',0,'flaureano','\0'),(102,'ZONA SUR(METAN/R. DE LA FRONTERA)','FAC DE SALUD(LIC.BURGOS)','','DECANATO Y SECRETARIA DE FAC DE SALUD',7,'2013-09-26 00:00:00','0000-00-00 07:00:00','2013-09-27 00:00:00','0000-00-00 20:00:00','FALTA AUTORIZACION RECTORAL','',4,1,180,0,'2013-03-11 00:00:00','\0',0,'flaureano','\0'),(103,'ZONA NORTE(ORAN/TARTAGAL)','FAC DE SALUD(LIC.VILLAGRAN)','','DECANATO Y SECRETARIA DE FAC DE SALUD',7,'2013-10-14 00:00:00','0000-00-00 07:00:00','2013-10-15 00:00:00','0000-00-00 20:00:00','FALTA AUTORIZACION DE RECTORADO','',4,1,400,0,'2013-03-11 00:00:00','\0',0,'flaureano','\0'),(104,'ZONA SUR (METAN/R DE LA FRONTERA)','FAC.DE SALUD(LIC.BURGOS)','','DECANATO Y SECRETARIA DE FAC DE SALUD',7,'2013-10-17 00:00:00','0000-00-00 07:00:00','2013-10-18 00:00:00','0000-00-00 20:00:00','FALTA AUTORIZACION RECTORAL','',4,1,200,0,'2013-03-11 00:00:00','\0',0,'flaureano','\0'),(105,'ZONA OESTE(VALLE DE LERMA/CACHI)','FAC DE SALUD(LIC.VALDIVIEZO)','','DECANATO Y SECRETARIA DE FAC DE SALUD',7,'2013-10-21 00:00:00','0000-00-00 07:00:00','2013-10-22 00:00:00','0000-00-00 20:00:00','FALTA AUTORIZACION DE RECTORADO','',4,1,180,0,'2013-03-11 00:00:00','\0',0,'flaureano','\0'),(106,'PARQUE NACIONAL LOS CARDONES','FAC DE NATURALES (PROF DEVIANA)','','DECANATO Y SECRETARIA DE FAC DE NATURALES',5,'2013-03-13 00:00:00','0000-00-00 07:00:00','2013-03-13 00:00:00','0000-00-00 20:00:00','','',15,2,120,0,'2013-03-11 00:00:00','',NULL,'flaureano','\0'),(107,'ZONA OESTE(VALLE DE LERMA/CACHI)','FAC DE SALUD(LIC.VALDIVIEZO)','','DECANATO Y SECRETARIA DE FAC DE SALUD ',7,'2013-09-30 00:00:00','0000-00-00 07:00:00','2013-10-01 00:00:00','0000-00-00 20:00:00','FALTA ORDEN DE RECTORADO','',4,1,180,0,'2013-03-12 00:00:00','\0',0,'flaureano','\0'),(108,'SEDE NORTE(TARTAGAL/ORAN)','RECTORADO','','RECTORADO',6,'2013-03-13 00:00:00','0000-00-00 07:00:00','2013-03-14 00:00:00','0000-00-00 20:00:00','REALIZADO','',4,2,400,0,'2013-03-18 00:00:00','',NULL,'flaureano','\0'),(109,'TARTAGAL/SANTA VICTORIA ','RECTORADO','','RECTORADO',6,'2013-03-19 00:00:00','0000-00-00 16:00:00','2013-03-20 00:00:00','0000-00-00 20:00:00','VIAJE A INAGURACION DE CARRERA/SEDE SUR ROSARIO DE LA FRONTERA ','',4,2,550,0,'2013-03-19 00:00:00','',NULL,'flaureano','\0'),(110,'SEDE SUR METAN/ROSARIO DE LA FRONTERA ','RECTORADO','','RECTORADO',15,'2013-03-20 00:00:00','0000-00-00 11:00:00','2013-03-20 00:00:00','0000-00-00 23:00:00','AUTORIZADO','',35,2,200,0,'2013-03-20 00:00:00','\0',0,'flaureano','\0'),(111,'INTA YUTO(JUJUY)','FAC DE NATURALES(TESISTAS DE LIC ROMERO)','','DECANATO DE FAC DE NATURALES ',7,'2013-03-18 00:00:00','0000-00-00 07:00:00','2013-03-18 00:00:00','0000-00-00 20:00:00','REALIZADO','',4,2,120,0,'2013-03-20 00:00:00','',NULL,'flaureano','\0'),(112,'CAFAYATE(SALTA),','FAC DE INGENIERIA (ING.ROBIN)','','DECANO Y SECRETARIA DE LA  FAC. DE INGENIERIA ',2,'2013-03-26 00:00:00','0000-00-00 07:00:00','2013-03-26 00:00:00','0000-00-00 22:00:00','FALTA LISTA DE PASAJEROS ','',36,2,200,0,'2013-03-20 00:00:00','',NULL,'flaureano','\0'),(113,'CACHI','FAC.DE HUMANIDADES(LIC.SAFARONI)','','DECANATO Y SECRETARIA DE LA FAC.DE HUMANIDADES',4,'2013-05-15 00:00:00','0000-00-00 07:00:00','2013-05-17 00:00:00','0000-00-00 20:00:00','FALTA LISTA DE PASAJEROS','',24,1,160,0,'2013-03-21 00:00:00','',NULL,'flaureano','\0'),(114,'ANGASTACO Y ALRREDEDODES','FAC.DE HUMANIDADES(LIC.SAFARONI)','','DECANATO DE FACULTAD DE HUMANIDADES',3,'2013-10-11 00:00:00','0000-00-00 07:00:00','2013-10-13 00:00:00','0000-00-00 20:00:00','FALTA LISTA DE PASAJEROS','',24,3,320,0,'2013-03-21 00:00:00','',NULL,'flaureano','\0'),(115,'ORAN/SALTA.SALTA/ORAN SEDE NORTE','SEDE REGIONAL ORAN(PROF.REARTE)','','DIRECTORA DE LA SEDE NORTE',4,'2013-06-24 00:00:00','0000-00-00 07:00:00','2013-06-29 00:00:00','0000-00-00 20:00:00','FALTA LISTA DE PASAJEROS','',24,1,270,0,'2013-03-21 00:00:00','\0',0,'flaureano','\0'),(116,'ORAN ','EXTENCION UNIVERSITARIA(CPN.ALANIS)','','EXTENCION UNIVERSITARIA',15,'2013-03-26 00:00:00','0000-00-00 07:00:00','2013-03-27 00:00:00','0000-00-00 20:00:00','FALTA LISTA DE PASAJEROS','',35,1,272,0,'2013-03-21 00:00:00','\0',0,'flaureano','\0'),(117,'ALFARCITO(SALTA)','CONSEJO DE INVESTIGACION(ING.OCHOA)','','CONSEJO DE INVESTIGACION',5,'2013-03-25 00:00:00','0000-00-00 07:00:00','2013-03-25 00:00:00','0000-00-00 20:00:00','FALTA LISTA DE PASAJEROS','',15,2,80,0,'2013-03-21 00:00:00','',NULL,'flaureano','\0'),(118,'INTA YUTO(JUJUY)','FAC.DE NATURALES(TESISTAS,LIC.ROMERO)','','DECANATO Y SECRETARIA DE FAC.DE NATURALES',7,'2013-03-25 00:00:00','0000-00-00 07:00:00','2013-03-25 00:00:00','0000-00-00 16:00:00','FALTA LISTA DE PASAJEROS','',4,2,204,0,'2013-03-21 00:00:00','',NULL,'flaureano','\0'),(119,'ORAN-SAN ANDRES/LOS NARANJOS/RIO BLANQUITO/ANGOSTO DE PARANI','LIC. NAVARRO','','SECRETARIA GENERAL DE LA UNIVERSIDAD(ING FALU)',7,'2013-04-03 00:00:00','0000-00-00 07:00:00','2013-04-06 00:00:00','0000-00-00 20:00:00','FALTA LITA DE PASAJEROS','',4,2,350,0,'2013-03-21 00:00:00','',NULL,'flaureano','\0'),(120,'ROSARIO DE LA FRONTERA ','RECTORADO(DR.VIRAMONTES)','','RECTORADO',4,'2013-04-24 00:00:00','0000-00-00 07:00:00','2013-04-24 00:00:00','0000-00-00 20:00:00','FALTA LISTA DE PASAJEROS','',24,3,170,0,'2013-03-21 00:00:00','',NULL,'flaureano','\0'),(121,'ORAN','AUTORIDADES DE FAC DE HUMANIDADES Y SALUD','','DECANATO DE LAS FACULTADES QUE VIAJAN ',9,'2013-03-25 00:00:00','0000-00-00 07:00:00','2013-03-26 00:00:00','0000-00-00 04:30:00','SE SUPERPUSO EL HORARIO DE CHOFER CLAUDIO MERILES LLEGO A LAS 4 30 DEL DIA 26 ','',4,2,250,0,'2013-03-26 00:00:00','',NULL,'flaureano','\0'),(122,'CABRA CORRAL ','FAC.DE NATURALES ','','DECANATO DE FAC.DE NATURALES ',2,'2013-03-27 00:00:00','0000-00-00 07:00:00','2013-03-27 00:00:00','0000-00-00 20:00:00','OK','',36,2,90,0,'2013-03-26 00:00:00','',NULL,'flaureano','\0'),(123,'RIO CUARTO CORDOBA ','FAC DE HUMANIDADES(CENTRO DE ESTUDIANTES)','','PENDIENTE ',1,'2013-09-24 00:00:00','0000-00-00 07:00:00','2013-09-28 00:00:00','0000-00-00 22:00:00','FALTA AUTORIZACION RECTORAL Y LISTA DE PASAJEROS ','',48,1,1200,0,'2013-03-26 00:00:00','',NULL,'flaureano','\0'),(124,'RIO CUARTO CORDOBA','FAC DE HUMANIDADES(CENTRO DE ESTUDIANTES)','','FALTA AUTORIZACION RECTORAL',3,'2013-09-24 00:00:00','0000-00-00 07:00:00','2013-09-28 00:00:00','0000-00-00 22:00:00','FALTA LISTA DE PASAJEROS Y AUTORIZACION RECTORAL','',24,1,1200,0,'2013-03-27 00:00:00','',NULL,'flaureano','\0'),(125,'HUMAHUACA(JUJUY)','S.B.U (DEP.DARIO BARRIO)','','SECRETARIA DE S.B.U',5,'2013-03-30 00:00:00','0000-00-00 07:00:00','2013-03-31 00:00:00','0000-00-00 22:00:00','SE EFECTUO CON EXITO LA COMICION','',15,1,245,0,'2013-04-04 00:00:00','\0',0,'flaureano','\0'),(126,'LA RIOJA/SAN JUAN/MENDOZA','FAC. DE EXACTAS(DR TILCA Y DR CONDORI)','','DECANATO Y SECRETARIA DE LA FAC DE EXACTAS ',2,'2013-06-30 00:00:00','0000-00-00 07:00:00','2013-07-04 00:00:00','0000-00-00 22:00:00','FALTA LISTA DE PASAJEROS Y AUTORIZACION RECTORAL','',36,1,1320,0,'2013-04-04 00:00:00','',NULL,'flaureano','\0'),(127,'ROSARIO(SANTA FE)','FAC DE SALUD(C.DE ESTUDIANTES)','','DECANATO Y SECRETARIA DE LA FAC SALUD',4,'2013-04-08 00:00:00','0000-00-00 07:00:00','2013-04-13 00:00:00','0000-00-00 22:00:00','FALTA LISTA DE PASAJEROS.SUSPENDIDO','',24,3,1158,0,'2013-04-08 00:00:00','',NULL,'flaureano','\0'),(128,'LEDESMA(JUJUY)','FAC DE INGENIERIA(ING.BONOMO)','','DECANATO Y SECRETARIA DE FAC DE ING',3,'2013-08-08 00:00:00','0000-00-00 07:00:00','2013-08-08 00:00:00','0000-00-00 20:00:00','FALTA LISTA DE PASAJEROS Y AUTORIZACION DE LA FACULTAD','',24,1,161,0,'2013-04-08 00:00:00','\0',0,'flaureano','\0'),(129,'MONTECARLOS(MISIONES)','DIRECCION DE DEPORTES(DARIO BARRIOS)','','FALTA AUTORIZACION ',15,'2013-05-17 00:00:00','0000-00-00 07:00:00','2013-05-24 00:00:00','0000-00-00 22:00:00','FALTA LISTA DE PASAJEROS ','',35,1,1350,0,'2013-04-11 00:00:00','\0',0,'flaureano',''),(130,'MONTECARLOS(PROV.MISIONES)','DIRECCION DE DEPORTES(DARIO BARRIOS)','','FALTA AUTORIZACION ',15,'2013-06-17 00:00:00','0000-00-00 07:00:00','2013-06-24 00:00:00','0000-00-00 22:00:00','FALTA LISTA DE PASAJEROS Y AUTORIZACION  RECTORAL','',35,1,1350,0,'2013-04-11 00:00:00','\0',0,'flaureano','\0'),(131,'LEDESMA (JUJUY)','FAC DE INGENIERIA (ING BONOMO)','','DECANATO Y SECRETARIA DE LA FAC DE ING.',1,'2013-04-24 00:00:00','0000-00-00 07:00:00','2013-04-24 00:00:00','0000-00-00 22:00:00','FALTA LISTA DE PASAJEROS','',48,3,150,0,'2013-04-12 00:00:00','',NULL,'flaureano','\0'),(132,'ACCESO NORTE Y ALREDEDORES ','FAC DE NATURALES( DR HONGAN)','','DECANATO DE FAC DE NATURALES ',2,'2013-04-12 00:00:00','0000-00-00 07:00:00','2013-04-12 00:00:00','0000-00-00 20:00:00','FALTA LISTA DE PASAJEROS','',36,2,5,0,'2013-04-12 00:00:00','',NULL,'flaureano','\0'),(133,'QUEBRADA DE TILIAN SALTA CHICOANA','FAC DE NATURALES( LIC. TERAN)','','DECANATO DE FAC DE NATURALES',2,'2013-04-29 00:00:00','0000-00-00 07:00:00','2013-04-29 00:00:00','0000-00-00 20:00:00','','',36,2,70,0,'2013-04-12 00:00:00','',NULL,'flaureano','\0'),(134,'QUEBRADA DE TILIAN ','FAC DE NATURALES( LIC. TERAN)','','DECANATO Y SECRETARIA DE FAC DE NATURALES ',4,'2013-04-29 00:00:00','0000-00-00 07:00:00','2013-04-29 00:00:00','0000-00-00 20:00:00','FALTTA LISTA DE PASAJEROS ','',24,2,70,0,'2013-04-12 00:00:00','',NULL,'flaureano','\0'),(135,'AGUAS CALIENTES( JUJUY)','FAC DE NATURALES (DR. MOZA )','','RECTORADO Y DECANATO',4,'2013-04-21 00:00:00','0000-00-00 07:00:00','2013-04-23 00:00:00','0000-00-00 20:00:00','FALTA LISTA DE PASAJEROS','',24,2,250,0,'2013-04-12 00:00:00','',NULL,'flaureano','\0'),(136,'LOS SAUCES(EL BORDO)','COOPERACION TECNICA (DR. BIRAMONTES)','',' SECRETARIA DE COOPERACON TECNICA',15,'2013-04-24 00:00:00','0000-00-00 20:13:00','2013-04-24 00:00:00','0000-00-00 20:00:00','FALTA LISTA DE PASAJEROS','',35,3,70,0,'2013-04-12 00:00:00','',NULL,'flaureano','\0'),(137,'SAN SALVADOR JUJUY ','S.B.U ALICIA LOPEZ','','SECRETARIA DE S.B.U',9,'2013-04-22 00:00:00','0000-00-00 07:00:00','2013-04-22 00:00:00','0000-00-00 22:00:00','FALTA AUTORIZACION DE SECRETARIA ','',4,1,230,0,'2013-04-12 00:00:00','\0',0,'flaureano','\0'),(138,'SAN LORENZO (SALTA)','I.E.M-COLEGIO SECUNDARIO(VICEDIRECTOR)','','DIRECTOR Y VICEDIRECTOR DE IEM',1,'2013-05-09 00:00:00','0000-00-00 07:00:00','2013-05-10 00:00:00','0000-00-00 20:00:00','FALTA LISTA DE PASAJEROS','',48,1,11,0,'2013-04-19 00:00:00','\0',0,'flaureano','\0'),(139,'EL TABACAL ','FAC DE INGENIERIA(ING QUISPE)','','DECANATO Y SECRETARIA DE LA FAC DE INGENIERIA',2,'2013-05-24 00:00:00','0000-00-00 06:00:00','2013-05-24 00:00:00','0000-00-00 22:00:00','FALTA LISTA DE PASAJEROS','',36,1,240,0,'2013-04-19 00:00:00','\0',0,'flaureano','\0'),(140,'SAN LORENZO(SALTA)','I.E.M COLEGIO SECUNDARIO(VICEDIRECTOR)','','DIRECTOR Y VICEDIRECTOR ',3,'2013-05-09 00:00:00','0000-00-00 07:00:00','2013-05-10 00:00:00','0000-00-00 20:00:00','FALTA LISTA DE PASAJEROS','',24,1,11,0,'2013-04-19 00:00:00','\0',0,'flaureano','\0'),(141,'VALLE DE LERMA ','FAC DE NATURALES(ING BAYON)','','DECANATO Y SECRETARIA DE FAC DE NATURALES ',3,'2013-05-20 00:00:00','0000-00-00 07:00:00','2013-05-24 00:00:00','0000-00-00 20:00:00','FALTA LISTA DE PASAJEROS','',24,1,50,0,'2013-04-19 00:00:00','\0',0,'flaureano','\0'),(142,'SANTA ROSA DE TASTIL ','FAC DE HUMANIDADES(PROF.ROXANA LEDESMA)','','DECANATO Y SECRETARIA DE LA FAC DE HUMANIDADES',3,'2013-05-31 00:00:00','0000-00-00 07:00:00','2013-05-31 00:00:00','0000-00-00 20:00:00','FALTA LISTA DE PASAJEROS','',24,1,110,0,'2013-04-19 00:00:00','\0',0,'flaureano','\0'),(143,'CORRIENTES','SUBSECRETARIA DE LA PRESIDENCIA DE LA NACION','','RECTORADO ',1,'2013-04-27 00:00:00','0000-00-00 07:00:00','2013-04-28 00:00:00','0000-00-00 22:00:00','FALTA LISTA DE PASAJEROS','',48,2,850,0,'2013-04-24 00:00:00','',NULL,'flaureano','\0'),(144,'EMBARCACION','FAC. HUMANIDADES (LIC SORIA)','','DECANATO Y SECRETARIA DE FAC DE HUMANIDADES',1,'2013-08-16 00:00:00','0000-00-00 07:00:00','2013-08-16 00:00:00','0000-00-00 22:00:00','FALTA LISTA DE PASAJEROS','',48,1,270,0,'2013-04-26 00:00:00','\0',0,'flaureano','\0'),(145,'CORRALITO','FAC DE NATURALES (PROF. GALLARDO)','','DECANATO Y SECRETARIA DE LA FAC DE NATURALES',1,'2013-08-13 00:00:00','0000-00-00 07:00:00','2013-08-15 00:00:00','0000-00-00 22:00:00','FALTA LISTA DE PASAJEROS ','',48,1,50,0,'2013-04-26 00:00:00','\0',0,'flaureano','\0'),(146,'CABRA CORRAL ','FAC. DE NATURALES (GEOL. MEDINA)','','DECANATO Y SECRETARIA DE FAC DE NATURALES',1,'2013-08-28 00:00:00','0000-00-00 07:00:00','2013-08-29 00:00:00','0000-00-00 22:00:00','FALTA LISTA DE PASAJEROS','',48,1,70,0,'2013-04-26 00:00:00','\0',0,'flaureano','\0'),(147,'VALLE DE LERMA ','FAC DE NATURALES (PROF. CARABAJAL)','','DECANATO Y SECRETARIA DE LA FAC DE NATURALES ',1,'2013-08-31 00:00:00','0000-00-00 07:00:00','2013-08-31 00:00:00','0000-00-00 22:00:00','FALTA LISTA DE PASJEROS','',48,1,50,0,'2013-04-26 00:00:00','\0',0,'flaureano','\0'),(148,'CAMPO BUENA VISTA','FAC DE NATURALES (ING. BAYON)','','DECANATO Y SECRETARIA DE LA FAC DE NATURALES ',1,'2013-09-23 00:00:00','0000-00-00 07:00:00','2013-09-23 00:00:00','0000-00-00 14:00:00','FALTA LISTA DE PASJEROS','',48,1,5,0,'2013-04-26 00:00:00','\0',0,'flaureano','\0'),(149,'DIQUE CABRA CORRAL','FAC DE NATURALES(PROF. PAREDES)','','DECANATO Y SECRETARIA DE LA FAC DE NATURALES ',1,'2013-10-08 00:00:00','0000-00-00 07:00:00','2013-10-08 00:00:00','0000-00-00 22:00:00','FALTA LISTA DE PASAJEROS','',48,1,75,0,'2013-04-26 00:00:00','\0',0,'flaureano','\0'),(150,'VALLE DE LERMA ','FAC DE NATURALES (ING. CHILO)','','DECANATO Y SECRETARIA DE FAC DE NATURALES ',1,'2013-10-09 00:00:00','0000-00-00 07:00:00','2013-10-09 00:00:00','0000-00-00 22:00:00','FALTA LISTA DE PASAJEROS','',48,1,50,0,'2013-04-26 00:00:00','\0',0,'flaureano','\0'),(151,'MENDOZA ','FAC DE NATURALES(AGRONOMIA)','','DECANATO Y SECRETARIA DE LA FAC DE NATURALES',1,'2013-10-10 00:00:00','0000-00-00 07:00:00','2013-10-14 00:00:00','0000-00-00 22:00:00','FALTA LISTA DE PASAJEROS','',48,1,1300,0,'2013-04-26 00:00:00','\0',0,'flaureano','\0'),(152,'TUCUMAN','FAC DE NATURALES(ING. HERRANDO)','','DECANATO Y SECRETARIA DE LA FAC DE NATURALES',1,'2013-10-16 00:00:00','0000-00-00 07:00:00','2013-10-17 00:00:00','0000-00-00 22:00:00','FALTA LISTA DE PASAJEROS','',48,1,300,0,'2013-04-26 00:00:00','\0',0,'flaureano','\0'),(153,'ANTA ','FAC DE NATURALES (REBECA CARABAJAL)','','DECANATO Y SECRETARIA DE LA FAC DE NATURALES',1,'2013-10-19 00:00:00','0000-00-00 07:00:00','2013-10-19 00:00:00','0000-00-00 20:00:00','FALTA LA LISTA DE PASAJEROS','',48,1,230,0,'2013-04-26 00:00:00','\0',0,'flaureano','\0'),(154,'QUEBRADA DE LAS CONCHAS','FAC DE NATURALES(GEOL.MEDINA)','','DECANATO Y SECRETARIA DE LA FAC DE NATURALES',1,'2013-10-21 00:00:00','0000-00-00 07:00:00','2013-10-22 00:00:00','0000-00-00 20:00:00','FALTA LISTA DE PASAJEROS','',48,1,200,0,'2013-04-26 00:00:00','\0',0,'flaureano','\0'),(155,'VALLE DE LERMA','FAC DE NATURALES (ING. CHILO)','','DECANATO Y SECRETARIA DE LA FAC DE NATURALES ',1,'2013-10-23 00:00:00','0000-00-00 07:00:00','2013-10-23 00:00:00','0000-00-00 20:00:00','FALTA ISTA DE PASAJEROS','',48,1,50,0,'2013-04-26 00:00:00','\0',0,'flaureano','\0'),(156,'YUTO (JUJUY)','FAC DE NATURALES (ING. CHILO)','','DECANATO Y SECRETARIA DE LA FAC DE NATURALES ',1,'2013-10-28 00:00:00','0000-00-00 07:00:00','2013-10-28 00:00:00','0000-00-00 20:00:00','FALTA LISTA DE PASAJEROS','',48,1,200,0,'2013-04-26 00:00:00','\0',0,'flaureano','\0'),(157,'VALLE DE LERMA ','FAC DE NATURALES (ING. CHILO)','','DECANATO Y SECRETARIA DE LA FAC DE NATURALES ',1,'2013-10-30 00:00:00','0000-00-00 07:00:00','2013-10-30 00:00:00','0000-00-00 20:00:00','FALTA LISTA DE PASAJEROS','',48,1,50,0,'2013-04-26 00:00:00','\0',0,'flaureano','\0'),(158,'LA RIOJA ','FAC DE INGENIERIA (CENTRO DE ESTUDIANTES)','','DECANATO Y SERETARIA DE LA FAC DE INGENIERIA',2,'2013-08-13 00:00:00','0000-00-00 07:00:00','2013-08-19 00:00:00','0000-00-00 22:00:00','FALTA LA LISTA DE PASAJEROS','',36,1,800,0,'2013-04-26 00:00:00','\0',0,'flaureano','\0'),(159,'QUEBRADA DEL TORO','FAC DE NATURALES(LIC. RIVELLI)','','DECANATO Y SECRETARIA DE LA FAC DE NATURALES ',2,'2013-08-24 00:00:00','0000-00-00 07:00:00','2013-08-24 00:00:00','0000-00-00 22:00:00','FALTA LISTA DE PASAJEROS ','',36,1,60,0,'2013-04-26 00:00:00','\0',0,'flaureano','\0'),(160,'CAMPO BUENA VISTA ','FAC DE NATURALES (ING. BAYON)','','DECANATO Y SECRETARIA DE LA FAC DE NATURALES ',2,'2013-08-26 00:00:00','0000-00-00 07:00:00','2013-08-26 00:00:00','0000-00-00 13:00:00','FALTA LISTA DE PASAJEROS ','',36,1,5,0,'2013-04-26 00:00:00','\0',0,'flaureano','\0'),(161,'QUEBRADA DEL TORO ','FAC. DE NATURALES(GEOL.SANCHEZ)','','DECANATO Y SECRETARIA DE FAC DE NATURALES ',2,'2013-08-28 00:00:00','0000-00-00 07:00:00','2013-08-28 00:00:00','0000-00-00 22:00:00','FALTA LISTA DE PASAJEROS ','',36,1,60,0,'2013-04-26 00:00:00','\0',0,'flaureano','\0'),(162,'VALLE DE LERMA ','FAC DE NATURALES( PROF. CARBAJAL)','','DECANATO Y SECRETARIA DE LA FAC DE NATURALES ',2,'2013-08-31 00:00:00','0000-00-00 07:00:00','2013-08-31 00:00:00','0000-00-00 20:00:00','FALTA LISTA DE PASAJEROS','',36,1,33,0,'2013-04-26 00:00:00','\0',0,'flaureano','\0'),(163,'PUNA SALTEÑA','FAC DE NATURALES (LIC. PAREDES)','','DECANATO Y SECRETARIA DE LA FAC DE NATURALES ',2,'2013-09-02 00:00:00','0000-00-00 07:00:00','2013-09-05 00:00:00','0000-00-00 21:00:00','FALTA LISTA DE PASAJEROS','',36,1,180,0,'2013-04-26 00:00:00','\0',0,'flaureano','\0'),(164,'CAMPO BUENA VISTA ','FAC DE NATURALES (ING.BAYON)','','DECANATO Y SECRETARIA DE LA FACULTAD DE NATURALES ',2,'2013-09-09 00:00:00','0000-00-00 07:00:00','2013-09-09 00:00:00','0000-00-00 14:00:00','FALTA LISTA DE PASAJEROS','',36,1,5,0,'2013-04-26 00:00:00','\0',0,'flaureano','\0'),(165,'CIUDAD Y ALREDEDORES ','FAC DE NATURALES(LIC.RIVELLI)','','DECANATO Y SECRETARIA DE LA FAC DE NATURALES',2,'2013-09-17 00:00:00','0000-00-00 07:00:00','2013-09-20 00:00:00','0000-00-00 20:00:00','FALTA LISTA DE PASAJEROS ','',36,1,20,0,'2013-04-26 00:00:00','\0',0,'flaureano','\0'),(166,'VALLE DE LERMA ','FAC DE NATURALES (ING. BAYON)','',' DECANATO Y SECRETARIA DE LA FACULTAD ',2,'2013-09-23 00:00:00','0000-00-00 07:00:00','2013-09-24 00:00:00','0000-00-00 20:00:00','FALTA LISTA DE PASAJEROS','',36,1,60,0,'2013-04-26 00:00:00','\0',0,'flaureano','\0'),(167,'CAFAYATE ','FAC DE NATURALES (GEOL.BARRIENTOS)','','DECANATO Y SECRETARIA DE LA FAC DE NATURALES ',2,'2013-09-25 00:00:00','0000-00-00 07:00:00','2013-09-27 00:00:00','0000-00-00 22:00:00','FALTA LISTA DE PASAJEROS ','',36,1,190,0,'2013-04-26 00:00:00','\0',0,'flaureano','\0'),(168,'MENDOZA CAP','FAC DE HUMANIDADES (C. DE ESTUDIANTES)','','DECANATO Y FACULTAD DE HUMANIDADES ',2,'2013-10-01 00:00:00','0000-00-00 07:00:00','2013-10-06 00:00:00','0000-00-00 20:00:00','FALTA LISTA DE PASAJEROS ','',36,1,1300,0,'2013-04-26 00:00:00','\0',0,'flaureano','\0'),(169,'JURAMENTO ','FAC DE NATURALES (GEOL.CASTILLO)','','DECANATO Y SECRETARIA DE LA FAC DE NATURALES ',2,'2013-10-08 00:00:00','0000-00-00 07:00:00','2013-10-08 00:00:00','0000-00-00 20:00:00','FALTA LISTA DE PASAJEROS','',36,1,100,0,'2013-04-26 00:00:00','\0',0,'flaureano','\0'),(170,'DIQUE CABRA CORRAL ','FAC DE NATURALES (PROF.BARRIENTOS)','','DECANATO Y SECRETARIA DE LA FAC DE NATURALES ',2,'2013-10-10 00:00:00','0000-00-00 07:00:00','2013-10-10 00:00:00','0000-00-00 20:00:00','FALTA LISTA DE PASAJEROS','',36,1,80,0,'2013-04-26 00:00:00','\0',0,'flaureano','\0'),(171,'DIQUE CABRA CORRAL ','FAC DE NATURALES(ING. HONGN)','','DECANATO Y SECRETARIA DE LA FAC DE NATURALES ',2,'2013-10-11 00:00:00','0000-00-00 07:00:00','2013-10-11 00:00:00','0000-00-00 20:00:00','FALTA LISTA DE PASAJEROS','',36,1,80,0,'2013-04-26 00:00:00','\0',0,'flaureano','\0'),(172,'LA QUIACA ','FAC DE NATURALES (LIC.MEDINA)','','DECANATO Y SECRETARIA DE LA FAC DE HUMANIDADES',2,'2013-10-17 00:00:00','0000-00-00 07:00:00','2013-10-19 00:00:00','0000-00-00 20:00:00','FALTA LISTA DE PASAJEROS ','',36,1,380,0,'2013-04-26 00:00:00','\0',0,'flaureano','\0'),(173,'VALLE DE LERMA ','FAC DE NATURALES(ING. CHILO)','','DECANATO Y SECRETARIA DE LA FAC DE NATURALES ',2,'2013-10-23 00:00:00','0000-00-00 07:00:00','2013-10-23 00:00:00','0000-00-00 22:20:00','FALTA LISTA DE PASAJEROS.','',36,1,50,0,'2013-04-26 00:00:00','\0',0,'flaureano','\0'),(174,'QUEBRADA DEL TORO ','FAC DE NATURALES (LIC.ARIAS)','','DECANATO Y SECRETARIA DE LA FAC DE NATURALES ',2,'2013-10-24 00:00:00','0000-00-00 07:00:00','2013-10-24 00:00:00','0000-00-00 22:00:00','FALTA LISTA DE PASAJEROS ','',36,1,60,0,'2013-04-26 00:00:00','\0',0,'flaureano','\0'),(175,'AGUAS CALIENTES(JUJUY)','FAC DE NATURALES(LIC.MOZA)','','DECANATO Y SECRETARIA DE LA FAC DE NATURALES ',2,'2013-10-27 00:00:00','0000-00-00 07:00:00','2013-10-29 00:00:00','0000-00-00 22:00:00','FALTA LISTA DE PASAJEROS ','',36,1,70,0,'2013-04-26 00:00:00','\0',0,'flaureano','\0'),(176,'CORRALITO','FAC DE NATURALES(GEOL.GALLARDO)','','DECANATO Y SECRETARIA DE FAC DE NATURALES ',3,'2013-08-13 00:00:00','0000-00-00 06:00:00','2013-08-15 00:00:00','0000-00-00 20:00:00','FALTA LISTA DE PASAJEROS','',24,1,150,0,'2013-04-29 00:00:00','\0',0,'flaureano','\0'),(177,'DIQUE CABRA CORRAL ','FAC DE NATURALES(GEOL, MEDINA)','','DECANATO Y SECRETARIA DE FAC DE NATURALES ',3,'2013-08-28 00:00:00','0000-00-00 07:00:00','2013-08-29 00:00:00','0000-00-00 20:00:00','FALTA LISTA DE PASAJEROS','',24,1,150,0,'2013-04-29 00:00:00','\0',0,'flaureano','\0'),(178,'VALLE DE LERMA ','FAC, DE NATURALES(PROF, CARABAJAL)','','DECANATO Y SECRETARIA DE FAC DE NATURALES ',3,'2013-08-31 00:00:00','0000-00-00 07:00:00','2013-08-31 00:00:00','0000-00-00 22:00:00','FALTA LISTA DE PASAJEROS','',24,1,50,0,'2013-04-29 00:00:00','\0',0,'flaureano','\0'),(179,'PUNA SALTEÑA','FAC DE NATURALES(LIC, PAREDES)','','DECANATO Y SECRETARIA DE FAC DE NATURALES ',3,'2013-09-02 00:00:00','0000-00-00 07:00:00','2013-09-05 00:00:00','0000-00-00 20:00:00','FALTA LISTA DE PASAJEROS','',24,1,180,0,'2013-04-29 00:00:00','\0',0,'flaureano','\0'),(180,'TARTAGAL ','FAC DE NATURALES(PROF,FERNANDEZ)','','DECANATO Y SECRETARIA DE FAC DE NATURALES ',3,'2013-09-11 00:00:00','0000-00-00 08:00:00','2013-09-12 00:00:00','0000-00-00 20:00:00','FALTA LISTA DE PASAJEROS ','',24,1,360,0,'2013-04-29 00:00:00','\0',0,'flaureano','\0'),(181,'VALLE DE LERMA ','FAC DE NATURALES(ING,CHILO)','','DECANATO Y SECRETARIA DE LA FAC DE NATURALES ',3,'2013-10-09 00:00:00','0000-00-00 07:00:00','2013-10-09 00:00:00','0000-00-00 20:00:00','FALTA LISTA DE PASAJEROS','',24,1,50,0,'2013-04-29 00:00:00','\0',0,'flaureano','\0'),(182,'PUNA MINA CONCORDIA ','FAC DE NATURALES (PROF,KIRSBAUM)','','DECANATO Y SECRETARIA DE LA FAC, DE NATURALES ',3,'2013-10-10 00:00:00','0000-00-00 07:00:00','2013-10-12 00:00:00','0000-00-00 20:00:00','FALTA LISTA DE PASAJEROS ','',24,1,200,0,'2013-04-29 00:00:00','\0',0,'flaureano','\0'),(183,'SECLANTAS ','FAC DE NATURALES(PROF. GALLARDO)','','DECANATO Y SECRETARIA DE LA FAC DE NATURALES )',3,'2013-10-15 00:00:00','0000-00-00 07:00:00','2013-10-17 00:00:00','0000-00-00 20:00:00','FALTA LISTA DE PASAJEROS ','',24,1,180,0,'2013-04-29 00:00:00','\0',0,'flaureano','\0'),(184,'ANTA','FAC DE NATURALES(PROF CARABAJAL)','','DECANATO Y SECRETARIA DE LA FAC DE NATURALES ',3,'2013-10-19 00:00:00','0000-00-00 07:00:00','2013-10-19 00:00:00','0000-00-00 20:00:00','FALTA LA LISTA DE PASAJEROS','',24,1,230,0,'2013-04-29 00:00:00','\0',0,'flaureano','\0'),(185,'QUEBRADA DE LAS CONCHAS','FAC DE NATURALES (PROF MEDINA)','','DECANATO Y SECRETARIA DE FAC DE NATURALES ',3,'2013-10-21 00:00:00','0000-00-00 07:00:00','2013-10-22 00:00:00','0000-00-00 20:00:00','FAALTA LISTA DE PASAJEROS','',24,1,188,0,'2013-04-29 00:00:00','\0',0,'flaureano','\0'),(186,'TARTAGAL ','FAC DE NATURALES(PROF, ORTIN)','','DECANATO Y SECRETARIA DE LA FAC DE NATURALES ',3,'2013-10-24 00:00:00','0000-00-00 07:00:00','2013-10-26 00:00:00','0000-00-00 20:00:00','FALTA LISTAS DE PASAJEROS','',24,1,360,0,'2013-04-29 00:00:00','\0',0,'flaureano','\0'),(187,'YUTO','FAC DE NATURALES(ING, GIL)','','DECANATO Y SECRETARIA DE LA FAC DE NATURALES ',3,'2013-10-28 00:00:00','0000-00-00 07:00:00','2013-10-28 00:00:00','0000-00-00 22:00:00','FALTA LISTA DE PASAJEROS','',24,1,205,0,'2013-04-29 00:00:00','\0',0,'flaureano','\0'),(188,'VALLE DE LERMA ','FAC DE NATURALES (ING.CHILO)','','DECANATO Y SECRETARIA DE FAC DE NATURALES ',3,'2013-10-30 00:00:00','0000-00-00 07:00:00','2013-10-30 00:00:00','0000-00-00 22:00:00','FALTA LISTA DE PASAJEROS','',24,1,50,0,'2013-04-29 00:00:00','\0',0,'flaureano','\0'),(189,'SANTA FE ','FAC DE INGENIERIA(CONGRESO)','','DECANATO Y SECRETARIA DE FAC DE INGENIERIA',4,'2013-09-02 00:00:00','0000-00-00 07:00:00','2013-09-08 00:00:00','0000-00-00 22:00:00','FALTA LISTA DE PASAJEROS ','',24,1,1200,0,'2013-04-29 00:00:00','\0',0,'flaureano','\0'),(190,'VALLE DE LERMA ','FAC DE NATURALES(ING BAYON)','','DECANATO Y SECRETARIA DE LA FAC DE NATURALES ',4,'2013-10-23 00:00:00','0000-00-00 07:00:00','2013-10-24 00:00:00','0000-00-00 22:00:00','FALTA LISTA DE PASAJEROS','',24,1,60,0,'2013-04-29 00:00:00','\0',0,'flaureano','\0'),(191,'LA  PEDRERA','FAC DE NATURALES(ING ARAMAYO)','','DECANATO Y SECRETARIA DE LA FAC DE NATURALES ',4,'2013-10-05 00:00:00','0000-00-00 07:00:00','2013-10-05 00:00:00','0000-00-00 20:00:00','FALTA LISTA DE PASAJEROS','',24,1,60,0,'2013-04-29 00:00:00','\0',0,'flaureano','\0'),(192,'ANGASTACO','FAC DE HUMANIDADES(PROF.SAFARONI)','','DECANATO Y SECRETARIA DE FAC DE HUMANIDADES',4,'2013-10-11 00:00:00','0000-00-00 07:00:00','2013-10-13 00:00:00','0000-00-00 22:00:00','FALTA LISTA DE PASAJEROS','',24,1,270,0,'2013-04-29 00:00:00','\0',0,'flaureano','\0'),(193,'SANTA VICTORIA ESTE ','S.B.U LIC NAVARRO','','RECTORADO',7,'2013-03-04 00:00:00','0000-00-00 07:00:00','2013-03-06 00:00:00','0000-00-00 20:00:00','','',4,2,512,0,'2013-05-03 00:00:00','\0',0,'flaureano','\0'),(194,'TERMA DE REYES(JUJUY)','SECRETARIA TECNICA (DR BIRAMONTES)','','SECRETARIA TECNICA',15,'2013-04-24 00:00:00','0000-00-00 07:00:00','2013-04-24 00:00:00','0000-00-00 20:00:00','','',35,2,115,0,'2013-05-03 00:00:00','\0',0,'flaureano','\0'),(195,'PLANTA DE NISALCO ','FAC DE NATURALES (ING PASCULI)','','DECANATO',2,'2013-04-10 00:00:00','0000-00-00 07:00:00','2013-04-10 00:00:00','0000-00-00 20:00:00','','',36,2,30,0,'2013-05-03 00:00:00','\0',0,'flaureano','\0'),(196,'ROSARIO DE LAFRONTERA','OBRAS Y SERVICIOS','','ROVALETTI',5,'2013-04-17 00:00:00','0000-00-00 07:00:00','2013-04-17 00:00:00','0000-00-00 16:00:00','','',15,2,170,0,'2013-05-03 00:00:00','\0',0,'flaureano','\0'),(197,'ORAN -TARTAGAL','CENTRO DE COMPUTO','','RECTORADO',7,'2013-04-11 00:00:00','0000-00-00 07:00:00','2013-04-13 00:00:00','0000-00-00 22:00:00','','',4,2,400,0,'2013-05-03 00:00:00','\0',0,'flaureano','\0'),(198,'SANTA VICTORIA ESTE','OBRAS Y SERVICIOS','','ROVALETTI',7,'2013-04-17 00:00:00','0000-00-00 07:00:00','2013-04-18 00:00:00','0000-00-00 22:00:00','','',4,2,500,0,'2013-05-03 00:00:00','\0',0,'flaureano','\0'),(199,'CORDOBA / MENDOZA ','DIRECCION DE DEPORTES(DARIO BARRIO)','','RECTORADO ',15,'2013-09-21 00:00:00','0000-00-00 07:00:00','2013-09-29 00:00:00','0000-00-00 20:00:00','FALTA LISTA DE PASAJEROS','',35,1,1600,0,'2013-05-08 00:00:00','\0',0,'flaureano','\0'),(200,'SAN SALVADOR DE JUJUY(REDCOM 2013)','SEDE NORTE(TARTAGAL)','','SERV.GRALES.',4,'2013-08-14 00:00:00','0000-00-00 07:00:00','2013-08-18 00:00:00','0000-00-00 22:00:00','FALTA LISTA DE PASAJEROS ','',24,1,2000,0,'2013-05-21 00:00:00','\0',0,'flaureano','\0'),(201,'CAFAYATE ','FAC. DE NATURALES(PROF.GALLARDO)','','DECANATO Y SECRETARIA DE LA FAC DE NATURALES ',1,'2013-11-04 00:00:00','0000-00-00 07:00:00','2013-11-06 00:00:00','0000-00-00 22:00:00','FALTA LISTA DE PASAJEROS ','',48,1,220,0,'2013-05-22 00:00:00','\0',0,'flaureano','\0'),(202,'LESER Y ALREDEDORES ','FAC DE NATURALES(DR.CORRONCA)','','DECANATO Y SECRETARIA DE LA FAC DE NATURALES ',1,'2013-11-13 00:00:00','0000-00-00 07:00:00','2013-11-13 00:00:00','0000-00-00 22:00:00','FALTA LISTA DE PASAJEROS ','',48,1,30,0,'2013-05-22 00:00:00','\0',0,'flaureano','\0'),(203,'CAFAYATE  ','FAC DE NATURALES (PROF. GALLARDO)','','DECANATO Y SECRETARIA DE LA FAC DE NATURALES ',3,'2013-11-04 00:00:00','0000-00-00 07:00:00','2013-11-06 00:00:00','0000-00-00 00:00:00','FALTA LISTA DE PASAJEROS ','',24,1,220,0,'2013-05-22 00:00:00','',NULL,'flaureano','\0'),(204,'CAFAYATE ','CAFAYATE ','','DECANATO Y SECREARI DE LA FAC DE NATURALES ',3,'2013-11-04 00:00:00','0000-00-00 07:00:00','2013-11-06 00:00:00','0000-00-00 00:00:00','FALTA LISTA DE PASAJEROS ','',24,1,220,0,'2013-05-22 00:00:00','\0',0,'flaureano',''),(205,'CALILEGUA (JUJUY)','FAC DE NATURALES(PROF.OLGA MARTINEZ)','','DECANATO Y SECRETARIA DE LA FACULTAD DE NATURALES ',3,'2013-11-09 00:00:00','0000-00-00 07:00:00','2013-11-09 00:00:00','0000-00-00 22:00:00','FALTA LISTA DE PASAJEROS','',24,1,180,0,'2013-05-22 00:00:00','\0',0,'flaureano','\0'),(206,'METAN ','FAC DE NATURALES(PROF. CAMARDELLI)','','DECANATO Y SECRETARIA DE LA FAC DE NATURALES ',3,'2013-11-13 00:00:00','0000-00-00 07:00:00','2013-11-13 00:00:00','0000-00-00 22:00:00','FALTA LISTA DE PASAJEROS ','',24,1,140,0,'2013-05-22 00:00:00','\0',0,'flaureano','\0'),(207,'PERICO /ORAN ','FAC DE NATURALES (PROF.PATRICIA ORTIN)','','DECANATO Y SECRETARIA DE LA FAC DE NATURALES ',3,'2013-11-14 00:00:00','0000-00-00 07:00:00','2013-11-15 00:00:00','0000-00-00 22:00:00','FALTA LISTA DE PASAJEROS ','',24,1,300,0,'2013-05-22 00:00:00','\0',0,'flaureano','\0'),(208,'VALLE DE LERMA','FAC DE NATURALES(PROF. CAMARDELLI)','','DECANATO Y SECRETARIA DE LA FAC DE NATURALES ',3,'2013-11-19 00:00:00','0000-00-00 07:00:00','2013-11-20 00:00:00','0000-00-00 22:00:00','FALTA LISTA DE PASAJEROS ','',24,1,30,0,'2013-05-22 00:00:00','\0',0,'flaureano','\0'),(209,'QUEBRADA DEL TORO ','FAC DE NATURALES(DR HONG)','','DECANATO Y SECRETARIA DE LA FAC DE NATURALES ',2,'2013-11-01 00:00:00','0000-00-00 07:00:00','2013-11-02 00:00:00','0000-00-00 22:00:00','FALTA LISTA DE PASAJEROS ','',36,1,70,0,'2013-05-22 00:00:00','\0',0,'flaureano','\0'),(210,'CALILEGUA ','FAC.DE NATURALES(PROF.OLGA MARTINEZ)','','DECANATO Y SECRETARIA DE LA FAC DE CS NATURALES ',2,'2013-11-09 00:00:00','0000-00-00 07:00:00','2013-11-09 00:00:00','0000-00-00 22:00:00','FALTA LISTA DE PASAJEROS ','',36,1,200,0,'2013-05-23 00:00:00','\0',0,'flaureano','\0'),(211,'CAFAYATE ','FAC DE NATURALES(PROF ORTIN)','','DECANATO Y SECRETARIA DE LA FAC DE CS NATURALES ',2,'2013-11-13 00:00:00','0000-00-00 07:00:00','2013-11-13 00:00:00','0000-00-00 22:00:00','FALTA LISTA DE PASAJEROS ','',36,1,200,0,'2013-05-23 00:00:00','\0',0,'flaureano','\0'),(212,'VALLE DE LERMA ','FAC DE NATURALES(ING.LOZANO)','','DECANATO Y SECRETARIA DE LA FAC NATURALES ',5,'2013-11-04 00:00:00','0000-00-00 07:00:00','2013-11-04 00:00:00','0000-00-00 22:00:00','FALTA LISTA DE PASAJEROS','',15,1,40,0,'2013-05-23 00:00:00','\0',0,'flaureano','\0'),(213,'VALLE DE LERMA ','FAC DE NATURALES (PROF.ARIAS)','','DECANATO Y SECRETARIA DE LA FAC DE NATURALES ',1,'2013-10-24 00:00:00','0000-00-00 07:00:00','2013-10-24 00:00:00','0000-00-00 22:00:00','FALTA LISTA DE PASAJEROS ','',48,1,40,0,'2013-05-23 00:00:00','\0',0,'flaureano','\0'),(214,'CAFAYATE ','FAC DE NATURALES(PROF.OLGA MARTINEZ)','','DECANATO Y SECRETARIA DE LA FAC DE NATURALES ',1,'2013-10-26 00:00:00','0000-00-00 07:00:00','2013-10-26 00:00:00','0000-00-00 22:00:00','FALTA LISTA DE PASAJEROS ','',48,1,200,0,'2013-05-23 00:00:00','\0',0,'flaureano','\0'),(215,'QUEBRADA DE LAS CONCHAS ','FAC DE NATURALES(PROF.MEDINA)','','DECANATO Y SECRETARIA DE LA FAC NATURALES ',2,'2013-10-21 00:00:00','0000-00-00 07:00:00','2013-10-22 00:00:00','0000-00-00 22:00:00','FALTA LISTA DE PASAJEROS ','',36,1,200,0,'2013-05-23 00:00:00','\0',0,'flaureano','\0'),(216,'QUEBRADA DEL TORO ','FAC DE NATURALES(PROF.HONG)','','DECANATO Y SECRETARIA DE LA FAC DE NATURALES ',2,'2013-10-31 00:00:00','0000-00-00 07:00:00','2013-10-31 00:00:00','0000-00-00 00:00:00','FALTA LISTA DE PASAJEROS ','',36,1,70,0,'2013-05-23 00:00:00','\0',0,'flaureano','\0'),(217,'GRANJA SAN LUIS ','GUARDERIA INFATIL ','','RECTORADO',2,'2013-06-10 00:00:00','0000-00-00 14:00:00','2013-06-10 00:00:00','0000-00-00 18:00:00','','',36,2,30,0,'2013-05-23 00:00:00','\0',0,'flaureano','\0'),(218,'GRANJA SAN LUIS ','GUARDERIA INFANTIL','','RECTORADO',15,'2013-06-10 00:00:00','0000-00-00 14:00:00','2013-06-10 00:00:00','0000-00-00 18:00:00','FALTA LISTA DE PASAJEROS ','',35,2,30,0,'2013-05-23 00:00:00','',NULL,'flaureano','\0'),(219,'HUMAHUCA ','FAC DE NATURALES(ING.ORTIN)','','DECANATO Y SECRETARIA DE FAC DE NATURALES ',5,'2013-10-11 00:00:00','0000-00-00 07:00:00','2013-10-11 00:00:00','0000-00-00 20:00:00','FALTA LISTA DE PASAJEROS ','',15,1,230,0,'2013-05-23 00:00:00','\0',0,'flaureano','\0'),(220,'ANTA ','FAC DE NATURALES(PROF.REBECA CARABAJAL)','','DECANATO Y SECRETARIA DE LA FAC DE NATURALES ',5,'2013-10-19 00:00:00','0000-00-00 07:00:00','2013-10-19 00:00:00','0000-00-00 22:00:00','FALTA LISTA DE PASAJEROS ','',15,1,230,0,'2013-05-23 00:00:00','\0',0,'flaureano','\0'),(221,'QUEBRADA DEL TORO ','FAC DE NATURALES(PROF.ORTIN)','','DECANATO Y SECRETARIA DE LA FAC DE NATURALES ',5,'2013-10-29 00:00:00','0000-00-00 07:00:00','2013-10-29 00:00:00','0000-00-00 22:00:00','FALTA LISTA DE PASAJEROS ','',15,1,60,0,'2013-05-23 00:00:00','\0',0,'flaureano','\0'),(222,'TUCUMAN ','FAC DE NATURALES (PROF.HERRANDO)','','-----------------------',1,'2013-09-02 00:00:00','0000-00-00 07:00:00','2013-05-03 00:00:00','0000-00-00 22:00:00','FALTA LISTA DE PASAJEROS ','',48,1,330,0,'2013-05-23 00:00:00','\0',0,'flaureano','\0'),(223,'BAHIA BLANCA (BS.AS)','FAC DE HUMANIDADES(CENTRO DE ESTUDIANTES)','','------------------',1,'2013-09-15 00:00:00','0000-00-00 07:00:00','2013-09-21 00:00:00','0000-00-00 22:00:00','FALTA LISTA DE PASAJEROS ','',48,1,1900,0,'2013-05-23 00:00:00','\0',0,'flaureano','\0'),(224,'MENDOZA ','TOLEDO ','','------------',15,'2013-09-10 00:00:00','0000-00-00 07:00:00','2013-09-18 00:00:00','0000-00-00 22:00:00','FALTA LISTA DE PASAJEROS ','',35,1,1400,0,'2013-05-23 00:00:00','\0',0,'flaureano','\0'),(225,'BAJO LA LUMBRERA.','FAC.DE NATURALES(LIC.FERREYRA)','','DECANATO Y SECRETARIA DE LA FAC DE NATURALES ',2,'2013-06-12 00:00:00','0000-00-00 07:00:00','2013-06-13 00:00:00','0000-00-00 22:00:00','FALTA LA LISTA DE PASAJEROS ','',36,1,450,0,'2013-05-27 00:00:00','\0',0,'flaureano','\0'),(226,'TARTAGAL Y ALREDEDORES ','FAC DE HUMANIDADES (LIC.NAVARRO)','','DECANATO Y SECRETARI DE LA FAC DE HUMANIDADES ',4,'2013-05-30 00:00:00','0000-00-00 07:00:00','2013-06-01 00:00:00','0000-00-00 22:00:00','','',24,1,500,0,'2013-05-27 00:00:00','\0',0,'flaureano','\0');
/*!40000 ALTER TABLE `Reservas` ENABLE KEYS */;
UNLOCK TABLES;

--
-- Table structure for table `Rules`
--

DROP TABLE IF EXISTS `Rules`;
/*!40101 SET @saved_cs_client     = @@character_set_client */;
/*!40101 SET character_set_client = utf8 */;
CREATE TABLE `Rules` (
  `RuleId` tinyint(4) unsigned NOT NULL AUTO_INCREMENT,
  `Nombre` varchar(200) COLLATE utf8_spanish_ci NOT NULL,
  `Descripcion` varchar(200) COLLATE utf8_spanish_ci NOT NULL,
  PRIMARY KEY (`RuleId`)
) ENGINE=InnoDB AUTO_INCREMENT=27 DEFAULT CHARSET=utf8 COLLATE=utf8_spanish_ci;
/*!40101 SET character_set_client = @saved_cs_client */;

--
-- Dumping data for table `Rules`
--

LOCK TABLES `Rules` WRITE;
/*!40000 ALTER TABLE `Rules` DISABLE KEYS */;
INSERT INTO `Rules` VALUES (1,'VER_USER','Ver administracion de Usuarios'),(2,'UPD_USER','Modificar Usuarios'),(3,'INS_USER','Insertar Usuarios'),(4,'VER_PROFILE','Ver administracion de profiles'),(5,'UPD_PROFILE','Modificar profiles'),(6,'INS_PROFILE','Insertar profiles'),(7,'VER_STOCK','Ver stock'),(8,'UPD_STOCK','Modificar stock'),(9,'INS_STOCK','Insertar stock'),(10,'VER_AUTO','Ver automotores'),(11,'UPD_AUTO','Modificar automotores'),(12,'INS_AUTO','Insertar automotores'),(13,'VER_RES','Ver reservas'),(14,'UPD_RES','Modificar reserva'),(15,'INS_RES','Insertar reservas'),(16,'VER_VEHI','Ver vehiculos'),(17,'UPD_VEHI','Modificar Vehiculo'),(18,'INS_VEHI','Insertar Vehiculo'),(19,'VER_CHOFER','Ver choferes'),(20,'UPD_CHOFER','Modificar Choferes'),(21,'INS_CHOFER','Insertar Chofer'),(22,'VER_CALENDARIO','Ver el calendario'),(23,'VER_REPRES','Ver reportes de reservas'),(24,'VER_HORAEX','Ver Horas Extras'),(25,'MOD_HORAEX','Modificacion de Horas Extras'),(26,'IMP_HORAEX','');
/*!40000 ALTER TABLE `Rules` ENABLE KEYS */;
UNLOCK TABLES;

--
-- Table structure for table `Servicios`
--

DROP TABLE IF EXISTS `Servicios`;
/*!40101 SET @saved_cs_client     = @@character_set_client */;
/*!40101 SET character_set_client = utf8 */;
CREATE TABLE `Servicios` (
  `ServicioId` int(11) NOT NULL,
  `Medidor` varchar(200) COLLATE utf8_spanish_ci NOT NULL,
  `Usuario` varchar(250) COLLATE utf8_spanish_ci DEFAULT NULL,
  `Periodo` varchar(30) COLLATE utf8_spanish_ci DEFAULT NULL,
  `Mes` int(11) DEFAULT NULL,
  `Anio` int(11) DEFAULT NULL,
  `TipoServicioId` int(11) DEFAULT NULL,
  `CargoFijo` float DEFAULT NULL,
  `Medicion` int(11) DEFAULT NULL,
  PRIMARY KEY (`ServicioId`)
) ENGINE=InnoDB DEFAULT CHARSET=utf8 COLLATE=utf8_spanish_ci;
/*!40101 SET character_set_client = @saved_cs_client */;

--
-- Dumping data for table `Servicios`
--

LOCK TABLES `Servicios` WRITE;
/*!40000 ALTER TABLE `Servicios` DISABLE KEYS */;
INSERT INTO `Servicios` VALUES (1,'1237','COMEDOR  UNSA SEC. BIEN . UNIV.','01/08/12 al 31/08/12',8,2012,3,0,NULL),(2,'3055355','CONFITERIA - NOA VENDING','01/08/12 al 31/08/12',8,2012,3,0,NULL),(3,'2232407','COMEDOR PAU','01/08/12 al 31/08/12',8,2012,3,0,NULL),(4,'4087636','CONFITERIA FAC. DE INGENIERIA','01/08/12 al 31/08/12',8,2012,3,0,NULL),(5,'6070143','LANAIS LAMAS NOA','01/08/12 al 31/08/12',8,2012,3,0,NULL),(6,'3067284','CS. NATURALES - AGRONOMIA','01/08/12 al 31/08/12',8,2012,3,0,NULL),(7,'9652712','CS. NATURALES - CONFITERIA','01/08/12 al 31/08/12',8,2012,3,0,NULL),(8,'1000025','CS. EXACTAS - GOB Y ADM.','01/08/12 al 31/08/12',8,2012,3,0,NULL),(9,'603544','ECONOMICAS - CENTRO DE ESTU.','01/08/12 al 31/08/12',8,2012,3,0,NULL),(10,'100315','FACULTAD DE CS DE LA SALUD','01/08/12 al 31/08/12',8,2012,3,0,NULL),(11,'2500047','FACULTAD  DE CS. ECONOMICAS','01/08/12 al 31/08/12',8,2012,3,0,NULL),(12,'7097305','FACULTAD DE NATURALES - PME','01/08/12 al 31/08/12',8,2012,3,0,NULL),(13,'2500127','FACULTAD DE HUMANIDADES','01/08/12 al 31/08/12',8,2012,3,0,NULL),(14,'4140698','VIVERO CENTRO - FAC. CS . NAT','01/08/12 al 31/08/12',8,2012,3,0,NULL),(15,'7084799','PLANTA PILOTO 2','01/08/12 al 31/08/12',8,2012,3,0,NULL),(16,'7061364','PLANTA PILOTO 2 - LAB SUELOS','01/08/12 al 31/08/12',8,2012,3,0,NULL),(17,'7098490','PME 230 - FISICA','01/08/12 al 31/08/12',8,2012,3,0,NULL),(18,'1001165','PLANTA PILOTO 2','01/08/12 al 31/08/12',8,2012,3,0,NULL),(19,'4140736','ANFITEATRO CS NATURALES','01/08/12 al 31/08/12',8,2012,3,0,NULL),(20,'6213361','MICRO CINE - EXACTAS','01/08/12 al 31/08/12',8,2012,3,0,NULL),(21,'7100502','ANOTOMIA','01/08/12 al 31/08/12',8,2012,3,0,NULL),(22,'71003044','CONFITERIA SALUD','01/08/12 al 31/08/12',8,2012,3,0,NULL);
/*!40000 ALTER TABLE `Servicios` ENABLE KEYS */;
UNLOCK TABLES;

--
-- Table structure for table `TipoCombustible`
--

DROP TABLE IF EXISTS `TipoCombustible`;
/*!40101 SET @saved_cs_client     = @@character_set_client */;
/*!40101 SET character_set_client = utf8 */;
CREATE TABLE `TipoCombustible` (
  `TipoId` int(11) NOT NULL AUTO_INCREMENT,
  `Combustible` varchar(45) COLLATE utf8_spanish_ci DEFAULT NULL,
  PRIMARY KEY (`TipoId`)
) ENGINE=InnoDB AUTO_INCREMENT=5 DEFAULT CHARSET=utf8 COLLATE=utf8_spanish_ci;
/*!40101 SET character_set_client = @saved_cs_client */;

--
-- Dumping data for table `TipoCombustible`
--

LOCK TABLES `TipoCombustible` WRITE;
/*!40000 ALTER TABLE `TipoCombustible` DISABLE KEYS */;
INSERT INTO `TipoCombustible` VALUES (1,'Gas Oil'),(2,'Nafta'),(3,'GNC-Nafta'),(4,NULL);
/*!40000 ALTER TABLE `TipoCombustible` ENABLE KEYS */;
UNLOCK TABLES;

--
-- Table structure for table `TipoServicio`
--

DROP TABLE IF EXISTS `TipoServicio`;
/*!40101 SET @saved_cs_client     = @@character_set_client */;
/*!40101 SET character_set_client = utf8 */;
CREATE TABLE `TipoServicio` (
  `TipoServicioId` int(11) NOT NULL,
  `Nombre` varchar(45) COLLATE utf8_spanish_ci NOT NULL,
  PRIMARY KEY (`TipoServicioId`)
) ENGINE=InnoDB DEFAULT CHARSET=utf8 COLLATE=utf8_spanish_ci;
/*!40101 SET character_set_client = @saved_cs_client */;

--
-- Dumping data for table `TipoServicio`
--

LOCK TABLES `TipoServicio` WRITE;
/*!40000 ALTER TABLE `TipoServicio` DISABLE KEYS */;
INSERT INTO `TipoServicio` VALUES (1,'Agua'),(2,'Electricidad'),(3,'Gas'),(4,'Telefonia');
/*!40000 ALTER TABLE `TipoServicio` ENABLE KEYS */;
UNLOCK TABLES;

--
-- Table structure for table `TipoVehiculo`
--

DROP TABLE IF EXISTS `TipoVehiculo`;
/*!40101 SET @saved_cs_client     = @@character_set_client */;
/*!40101 SET character_set_client = utf8 */;
CREATE TABLE `TipoVehiculo` (
  `TipoVehiculoId` int(11) NOT NULL,
  `Nombre` varchar(45) COLLATE utf8_spanish_ci DEFAULT NULL,
  `ValorPeajexKm` float DEFAULT NULL,
  PRIMARY KEY (`TipoVehiculoId`)
) ENGINE=InnoDB DEFAULT CHARSET=utf8 COLLATE=utf8_spanish_ci;
/*!40101 SET character_set_client = @saved_cs_client */;

--
-- Dumping data for table `TipoVehiculo`
--

LOCK TABLES `TipoVehiculo` WRITE;
/*!40000 ALTER TABLE `TipoVehiculo` DISABLE KEYS */;
INSERT INTO `TipoVehiculo` VALUES (1,'Omnibus',0.025),(2,'Combi',0.025),(3,'Camioneta',0.025),(4,'Auto',0.3),(5,'Camion',0.3);
/*!40000 ALTER TABLE `TipoVehiculo` ENABLE KEYS */;
UNLOCK TABLES;

--
-- Table structure for table `Users`
--

DROP TABLE IF EXISTS `Users`;
/*!40101 SET @saved_cs_client     = @@character_set_client */;
/*!40101 SET character_set_client = utf8 */;
CREATE TABLE `Users` (
  `UserId` int(11) NOT NULL AUTO_INCREMENT,
  `UserName` varchar(100) COLLATE utf8_spanish_ci NOT NULL,
  `Password` varchar(20) COLLATE utf8_spanish_ci NOT NULL,
  `FirstName` varchar(100) COLLATE utf8_spanish_ci NOT NULL,
  `LastName` varchar(100) COLLATE utf8_spanish_ci NOT NULL,
  `Email` varchar(200) COLLATE utf8_spanish_ci NOT NULL,
  `ProfileId` int(10) DEFAULT NULL,
  `Active` bit(1) DEFAULT NULL,
  PRIMARY KEY (`UserId`)
) ENGINE=InnoDB AUTO_INCREMENT=16 DEFAULT CHARSET=utf8 COLLATE=utf8_spanish_ci;
/*!40101 SET character_set_client = @saved_cs_client */;

--
-- Dumping data for table `Users`
--

LOCK TABLES `Users` WRITE;
/*!40000 ALTER TABLE `Users` DISABLE KEYS */;
INSERT INTO `Users` VALUES (1,'mlgarcia','1234','Lorena','Garcia','mlgarcia2@unsa.edu.ar',1,''),(7,'admin','admin12','Hector','Cristofari','hcristofari@gmail.com',1,''),(10,'rovaletti','rovaletti12','Jorge','Rovaletti','jrovalet@unsa.edu.ar',1,''),(11,'invitado','invitado','Invitado','Invitado','testing@unsa.edu.ar',2,''),(12,'flaureano','flaureano13','Federico','Lauriano','f-d28@hotmail.com',5,''),(13,'auto','auto12','Automotores','Servicios','automotores@unsa.edu.ar',3,''),(14,'rovalettivip','jorge','Jorge','Rovaletti','jrovalet@unsa.edu.ar',3,''),(15,'cristofari','cristofari12','Hector','Cristofari','hcristofari@unsa.edu.ar',3,'');
/*!40000 ALTER TABLE `Users` ENABLE KEYS */;
UNLOCK TABLES;

--
-- Table structure for table `Vehiculos`
--

DROP TABLE IF EXISTS `Vehiculos`;
/*!40101 SET @saved_cs_client     = @@character_set_client */;
/*!40101 SET character_set_client = utf8 */;
CREATE TABLE `Vehiculos` (
  `VehiculoId` tinyint(4) NOT NULL AUTO_INCREMENT,
  `Modelo` varchar(100) COLLATE utf8_spanish_ci NOT NULL,
  `Patente` varchar(100) COLLATE utf8_spanish_ci NOT NULL,
  `Capacidad` int(11) NOT NULL,
  `CombustibleId` tinyint(4) NOT NULL,
  `Descripcion` text CHARACTER SET utf8 COLLATE utf8_bin,
  `ConsumoxKM` float DEFAULT NULL,
  `Color` varchar(45) CHARACTER SET utf8 COLLATE utf8_bin NOT NULL,
  `Active` bit(1) DEFAULT b'1',
  `Fecha` int(4) DEFAULT NULL,
  `TipoVehiculoId` int(11) DEFAULT NULL,
  `Kilometraje` int(11) DEFAULT '0',
  `UserName` varchar(100) COLLATE utf8_spanish_ci DEFAULT NULL,
  `KilometrajeRef` int(11) DEFAULT NULL,
  `Chasis` varchar(45) COLLATE utf8_spanish_ci DEFAULT NULL,
  `Motor` varchar(45) COLLATE utf8_spanish_ci DEFAULT NULL,
  PRIMARY KEY (`VehiculoId`)
) ENGINE=InnoDB AUTO_INCREMENT=16 DEFAULT CHARSET=utf8 COLLATE=utf8_spanish_ci;
/*!40101 SET character_set_client = @saved_cs_client */;

--
-- Dumping data for table `Vehiculos`
--

LOCK TABLES `Vehiculos` WRITE;
/*!40000 ALTER TABLE `Vehiculos` DISABLE KEYS */;
INSERT INTO `Vehiculos` VALUES (1,'VW17-240','FGW-922',48,1,'Mca.VOLKSWAGEN 17240 OD,Clase:MICRO OMNIBUS y/u OMNIBUS, Modelo:2006,  Motor MWM 6-078244, CHASIS:9BWHG82775R508421,  Pat. N',0.3,'#CCFFCC','',2006,1,232323232,'admin',2147483647,'9BWHG82Z75R508421',NULL),(2,'VW17-210','FFK-843',36,1,'Mca. VOLKSWAGEN 17210 OD, Clase:MICRO OMNIBUS y/u OMNIBUS, Modelo:2005, Motor 8080031, CHASIS:......................,Pat. Nro FFK 00843.',0.25,'#c8b5b7','',2020,1,34352,NULL,74000,'9BWRF82W35R512284',NULL),(3,'VW9-150','EKK-330',24,1,'Mca.VOLKSWAGEN, 9150 OD, color blanco-gris Modelo:2.004, Motor N ',0.16,'#99CCFF','',2004,1,34343,NULL,35000,'9BWTD52R14R404037',NULL),(4,'VW9-150','EKK-329',24,1,'Mca.VOLKSWAGEN, 9150  OD,  color blanco-gris, Clase:OMNIBUS y/u OMNIBUS, Modelo. 2.004, Motor Nº4103100, CHASIS:9BWTD52R54R404090-Pat.Nº EKK 329.',0.16,'#8c8fff','',2004,1,8787979,'admin',8787979,'9BWTD52R54R404090',NULL),(5,'MB SPRINTER','DNQ-326',15,1,'M.B. SPRINTER 31, clase:OMNIMUS y/u OMNIBUS, Modelo:2000,Motor:63299810541632, CHASIS:8AC690341YA544045,  Pat. Nro DNQ 00326',0.125,'#fcf887','',2000,2,334343,NULL,334343,'8AC690341YA544045',NULL),(6,'TYT SRW','LFP-977',6,4,'',0.125,'#ddd1ae','',2012,1,9898989,'',9898989,NULL,NULL),(7,'CHEVROLET S-10','GQI-643',4,1,'Camioneta CHEVROLET S10 D/Cabina, Clase:PICK UP,Modelo:2007,Motor:M1A292188, CHASIS: 2B6138BJO7C423528,  Pat.Nro GQI 00643.',0.125,'#C0C0C0','',2007,3,111111,'',111111,NULL,NULL),(8,'F. RANGER','HVS-126',4,1,'',0.125,'#C23324','',2009,3,34343,'',34343,NULL,NULL),(9,'F. ECOSPORT','IGA-839',4,2,'',0.125,'#800000','',2010,3,2222,NULL,222222,NULL,NULL),(10,'F. 100','UAJ-032',2,3,'Camioneta Ford F100 Lujo, Clase:PICK UP Mod.1977, Motor:DTCB48099, CHASIS: KAIJTC40776, Pat Nro UAJ 032, con  GNC',0.16,'#cdeded','',1977,3,7878787,NULL,7878787,NULL,NULL),(11,'RENAULT 12','UIJ-908',4,3,'Automovil RENAULT,  R12TL, Clase:Automovil  SEDAN, Mod.1.992, Motor:2872201, CHASIS: L812006748, Pat.Nro RIJ 908',0.06,'#aaaaaa','',1992,4,2147483647,NULL,2147483647,NULL,NULL),(12,'RASTROJERO FRON','VHK-130',2,1,'RASTROJERO CANTON F 71 Caja Madera, Clase:PICK-UP,Modelo:1971,Motor:421987, CHASIS: F71011039- Pat. Nro VHK 130.',0.06,'#86ee83','',1973,5,67867676,NULL,67867676,NULL,NULL),(15,'VW 17-230','LYI-728',35,1,'NUEVO',0.4,'#9f9191','',2012,1,1500,NULL,11500,NULL,NULL);
/*!40000 ALTER TABLE `Vehiculos` ENABLE KEYS */;
UNLOCK TABLES;

--
-- Table structure for table `transReservaChofer`
--

DROP TABLE IF EXISTS `transReservaChofer`;
/*!40101 SET @saved_cs_client     = @@character_set_client */;
/*!40101 SET character_set_client = utf8 */;
CREATE TABLE `transReservaChofer` (
  `Id` int(11) NOT NULL AUTO_INCREMENT,
  `ReservaId` int(11) unsigned DEFAULT NULL,
  `ChoferId` int(11) DEFAULT NULL,
  PRIMARY KEY (`Id`),
  KEY `tblReserva_Id` (`ReservaId`),
  KEY `tblChoferes_Id` (`ChoferId`),
  CONSTRAINT `tblChoferes_Id` FOREIGN KEY (`ChoferId`) REFERENCES `Choferes` (`ChoferId`) ON DELETE NO ACTION ON UPDATE NO ACTION,
  CONSTRAINT `tblReserva_Id` FOREIGN KEY (`ReservaId`) REFERENCES `Reservas` (`ReservaId`) ON DELETE NO ACTION ON UPDATE NO ACTION
) ENGINE=InnoDB AUTO_INCREMENT=343 DEFAULT CHARSET=utf8 COLLATE=utf8_spanish_ci;
/*!40101 SET character_set_client = @saved_cs_client */;

--
-- Dumping data for table `transReservaChofer`
--

LOCK TABLES `transReservaChofer` WRITE;
/*!40000 ALTER TABLE `transReservaChofer` DISABLE KEYS */;
INSERT INTO `transReservaChofer` VALUES (4,3,32),(7,4,43),(10,6,39),(13,8,43),(15,10,43),(21,14,43),(22,15,42),(27,20,32),(28,21,32),(29,22,44),(30,23,42),(31,24,44),(32,25,42),(33,26,42),(34,27,43),(35,28,32),(36,29,42),(37,30,43),(38,31,45),(39,32,32),(40,33,45),(41,34,42),(42,35,32),(43,36,45),(44,37,44),(45,38,43),(46,39,42),(49,41,32),(52,43,42),(56,47,32),(57,48,45),(58,49,45),(59,50,32),(60,51,45),(61,52,32),(64,55,32),(65,56,32),(66,57,45),(67,58,45),(68,59,45),(69,60,45),(70,61,45),(71,62,32),(72,63,45),(73,64,32),(74,64,45),(77,66,44),(79,68,42),(80,69,46),(81,70,43),(82,71,43),(83,72,45),(85,74,44),(86,75,42),(87,76,42),(88,77,42),(89,78,43),(90,79,42),(91,80,46),(92,81,43),(93,82,43),(94,83,43),(95,84,46),(102,87,43),(103,86,32),(104,85,43),(105,88,32),(107,89,42),(108,90,44),(109,91,43),(110,92,43),(111,93,42),(112,94,46),(113,95,43),(114,96,42),(115,97,43),(117,98,42),(118,99,42),(119,100,43),(120,101,43),(121,102,46),(122,103,45),(123,104,43),(124,105,42),(126,107,43),(127,19,43),(128,18,42),(129,54,32),(130,106,32),(131,65,32),(132,65,45),(135,110,32),(140,113,46),(142,115,42),(143,112,42),(144,116,42),(145,111,39),(153,122,32),(156,123,32),(157,123,46),(160,124,42),(161,124,44),(162,125,39),(170,126,32),(171,126,45),(178,128,42),(181,129,32),(182,129,42),(183,130,43),(184,130,45),(192,137,32),(194,7,42),(195,138,45),(196,139,46),(197,140,42),(198,141,42),(199,142,43),(204,127,43),(205,127,45),(210,131,44),(211,16,32),(212,17,44),(213,53,45),(218,40,45),(219,5,42),(220,114,43),(221,2,32),(222,144,44),(223,145,32),(224,146,45),(225,147,45),(226,148,44),(227,149,46),(228,150,45),(229,151,32),(230,152,45),(231,153,46),(232,154,45),(233,155,46),(234,156,32),(235,157,45),(236,158,42),(237,159,46),(238,160,43),(239,161,42),(240,162,46),(241,163,42),(242,163,46),(243,164,46),(244,165,42),(245,166,45),(246,167,43),(247,42,45),(248,168,46),(249,169,42),(250,170,42),(251,171,43),(252,172,42),(253,173,42),(254,174,43),(255,175,43),(256,143,32),(257,143,45),(258,176,44),(259,177,46),(260,178,42),(261,179,44),(262,180,46),(263,181,42),(264,182,45),(265,183,46),(266,184,43),(267,185,46),(268,186,42),(269,187,46),(270,188,43),(274,133,42),(276,9,42),(277,189,39),(278,190,44),(279,191,42),(280,192,42),(281,121,45),(282,108,45),(283,109,45),(284,117,32),(285,193,43),(286,118,43),(287,120,45),(288,136,46),(289,194,45),(290,44,42),(291,1,32),(292,46,45),(293,12,32),(294,132,46),(295,195,46),(296,45,45),(297,11,43),(298,67,44),(299,134,43),(300,135,43),(301,196,43),(302,119,42),(303,197,45),(304,198,42),(305,199,32),(306,200,46),(307,201,45),(308,202,44),(310,203,42),(311,204,42),(312,205,42),(313,206,43),(314,207,42),(315,208,43),(316,209,46),(317,210,46),(318,211,46),(319,212,43),(320,213,45),(321,214,45),(322,215,43),(323,216,46),(324,217,42),(327,219,44),(328,220,44),(329,221,42),(330,222,45),(331,223,44),(332,223,45),(333,224,43),(334,224,46),(336,225,46),(337,218,44),(338,13,44),(341,73,46),(342,226,45);
/*!40000 ALTER TABLE `transReservaChofer` ENABLE KEYS */;
UNLOCK TABLES;

--
-- Table structure for table `transRuleProfile`
--

DROP TABLE IF EXISTS `transRuleProfile`;
/*!40101 SET @saved_cs_client     = @@character_set_client */;
/*!40101 SET character_set_client = utf8 */;
CREATE TABLE `transRuleProfile` (
  `ProfileId` tinyint(4) unsigned NOT NULL,
  `RuleId` tinyint(4) unsigned NOT NULL,
  PRIMARY KEY (`ProfileId`,`RuleId`)
) ENGINE=InnoDB DEFAULT CHARSET=utf8 COLLATE=utf8_spanish_ci;
/*!40101 SET character_set_client = @saved_cs_client */;

--
-- Dumping data for table `transRuleProfile`
--

LOCK TABLES `transRuleProfile` WRITE;
/*!40000 ALTER TABLE `transRuleProfile` DISABLE KEYS */;
INSERT INTO `transRuleProfile` VALUES (1,1),(1,2),(1,3),(1,4),(1,5),(1,6),(1,7),(1,8),(1,9),(1,10),(1,11),(1,12),(1,13),(1,14),(1,15),(1,16),(1,17),(1,18),(1,19),(1,20),(1,21),(1,22),(1,23),(1,24),(1,25),(1,26),(2,22),(2,23),(3,10),(3,11),(3,12),(3,13),(3,14),(3,15),(3,16),(3,17),(3,18),(3,19),(3,20),(3,21),(3,22),(3,23),(4,10),(4,11),(4,12),(4,13),(4,14),(4,15),(4,16),(4,17),(4,18),(4,22),(4,23),(4,26),(5,10),(5,13),(5,14),(5,15),(5,16),(5,17),(5,18),(5,19),(5,23),(5,24),(5,25),(5,26);
/*!40000 ALTER TABLE `transRuleProfile` ENABLE KEYS */;
UNLOCK TABLES;
/*!40103 SET TIME_ZONE=@OLD_TIME_ZONE */;

/*!40101 SET SQL_MODE=@OLD_SQL_MODE */;
/*!40014 SET FOREIGN_KEY_CHECKS=@OLD_FOREIGN_KEY_CHECKS */;
/*!40014 SET UNIQUE_CHECKS=@OLD_UNIQUE_CHECKS */;
/*!40101 SET CHARACTER_SET_CLIENT=@OLD_CHARACTER_SET_CLIENT */;
/*!40101 SET CHARACTER_SET_RESULTS=@OLD_CHARACTER_SET_RESULTS */;
/*!40101 SET COLLATION_CONNECTION=@OLD_COLLATION_CONNECTION */;
/*!40111 SET SQL_NOTES=@OLD_SQL_NOTES */;

-- Dump completed on 2013-05-27 13:07:28
